#CODE;ENGLISH;FRENCH;GERMAN;;SPANISH;;;;;;;;;x
c_falsia;Falsia;;;;;;;;;;;;;x
c_lachry;Lachry;;;;;;;;;;;;;x
c_fetsia;Fetsia;;;;;;;;;;;;;x
c_farial;Farial;;;;;;;;;;;;;x
c_flower_gardens;Flower Gardens;;;;;;;;;;;;;x
c_faria;Faria;;;;;;;;;;;;;x
c_maku_sanctuary;Maku Sanctuary;;;;;;;;;;;;;x
c_houglass_sands;Hourglass Sands;;;;;;;;;;;;;x
c_new_falsia;New Falsia;;;;;;;;;;;;;x
c_sundial_shores;Sundial Shores;;;;;;;;;;;;;x
c_beach_caves;Beach Caves;;;;;;;;;;;;;x
c_clockwork;Clockword;;;;;;;;;;;;;x
c_light_field;Light Field;;;;;;;;;;;;;x
c_proodyl;Proodyl;;;;;;;;;;;;;x
c_falsia_falls;Falsia Falls;;;;;;;;;;;;;x
c_misty_marshes;Misty Marshes;;;;;;;;;;;;;x
c_magma_mines;Magma Mines;;;;;;;;;;;;;x
c_sanguine_shores;Sanguine Shores;;;;;;;;;;;;;x
c_westvale;Westvale;;;;;;;;;;;;;x
c_zora_point;Zora Point;;;;;;;;;;;;;x
c_faron_canyon;Faron Canyon;;;;;;;;;;;;;x
c_great_faron_tree;Great Faron Tree;;;;;;;;;;;;;x
c_faron_swamp;Faron Swamp;;;;;;;;;;;;;x
c_faron_spring;Faron Spring;;;;;;;;;;;;;x
c_faron_woods;Faron Woods;;;;;;;;;;;;;x
c_faron_basin;Faron Basin;;;;;;;;;;;;;x
c_faron_bridge;Faron Bridge;;;;;;;;;;;;;x
c_faron_grove;Faron Grove;;;;;;;;;;;;;x
c_south_faron_forest;Faron Forest;;;;;;;;;;;;;x
c_central_faron_forest;Central Faron Forest;;;;;;;;;;;;;x
c_north_faron_forest;North Faron Forest;;;;;;;;;;;;;x
c_keaton_stockades;Keaton Stockades;;;;;;;;;;;;;x
c_east_faron_field;East Faron Field;;;;;;;;;;;;;x
c_south_faron_field;South Faron Field;;;;;;;;;;;;;x
c_west_faron_field;West Faron Field;;;;;;;;;;;;;x
c_north_faron_field;North Foron Field;;;;;;;;;;;;;x
c_lanayru_castle;Lanayru Castle;;;;;;;;;;;;;x
c_south_castle;South Castle;;;;;;;;;;;;;x
c_west_castle;West Castle;;;;;;;;;;;;;x
c_central_castle;Central Castle;;;;;;;;;;;;;x
c_east_castle;East Castle;;;;;;;;;;;;;x
c_north_lanayru_field;North Lanayru Field;;;;;;;;;;;;;x
c_amphitheater_field;Amphitheater Field;;;;;;;;;;;;;x
c_chasm_road;Chasm Road;;;;;;;;;;;;;x
c_lanayru_hills;Lanayru Hills;;;;;;;;;;;;;x
c_east_lanayru_field;East Lanayru Field;;;;;;;;;;;;;x
c_west_lanayru_field;West Lanayru Field;;;;;;;;;;;;;x
c_south_lanayru_field;South Lanayru Field;;;;;;;;;;;;;x
c_north_hylia_bridge;North Hylia Bridge;;;;;;;;;;;;;x
c_lanayru_spring;Lanayru Spring;;;;;;;;;;;;;x
c_north_eldin_plateau;North Eldin Plateau;;;;;;;;;;;;;x
c_north_eldin_bridge;North Eldin Bridge;;;;;;;;;;;;;x
c_hidden_village;Hidden Village;;;;;;;;;;;;;x
c_eldin_foothills;Eldin Foothills;;;;;;;;;;;;;x
c_northeast_eldin_field;Northeast Eldin Field;;;;;;;;;;;;;x
c_northwest_eldin_field;Northwest Eldin Field;;;;;;;;;;;;;x
c_south_eldin_bridge;South Eldin Bridge;;;;;;;;;;;;;x
c_new_kakariko;New Kakariko;;;;;;;;;;;;;x
c_eldin_spring;Eldin Spring;;;;;;;;;;;;;x
c_kakariko_graveyard;Kakariko Graveyard;;;;;;;;;;;;;x
c_kakariko_pass;Kakariko Pass;;;;;;;;;;;;;x
c_southwest_eldin_field;Southwest Eldin Field;;;;;;;;;;;;;x
c_southeast_eldin_field;Southeast Eldin Eldin;;;;;;;;;;;;;x
c_kakariko_gorge;Kakariko Gorge;;;;;;;;;;;;;x
c_ordon_spring;Ordon Spring;;;;;;;;;;;;;x
c_ordon_woods;Ordon Woods;;;;;;;;;;;;;x
c_eaves_of_ordon;Eaves of Ordon;;;;;;;;;;;;;x
c_north_ordon_forest;North ordon Forest;;;;;;;;;;;;;x
c_ordon_groves;Ordon Groves;;;;;;;;;;;;;x
c_south_ordon_forest;South Ordon Forest;;;;;;;;;;;;;x
c_ordon;Ordon;;;;;;;;;;;;;x
c_ordon_ranch;Ordon Ranch;;;;;;;;;;;;;x
c_ordon_plains;Ordon Plains;;;;;;;;;;;;;x
c_ordon_wedge;Ordon Wedge;;;;;;;;;;;;;x
c_loggervale;Loggervale;;;;;;;;;;;;;x
c_south_ordon_field;SOuth Ordon Field;;;;;;;;;;;;;x
c_east_ordon_field;East Ordon Field;;;;;;;;;;;;;x
c_west_ordon_field;West Ordon Field;;;;;;;;;;;;;x
c_north_ordon_field;North Ordon Field;;;;;;;;;;;;;x
c_laketown;Laketown;;;;;;;;;;;;;x
c_fords_of_ordonia;Fords of Ordonia;;;;;;;;;;;;;x
c_wooddell;Wooddell;;;;;;;;;;;;;x
c_rivertown;Rivertown;;;;;;;;;;;;;x
c_ordonia_gap;Ordonia Gap;;;;;;;;;;;;;x
c_ordonia;Ordonia;;;;;;;;;;;;;x
c_south_ordonia_plateau;South Ordonia Plateau;;;;;;;;;;;;;x
c_east_ordonia_plateau;East Ordnia Plateau;;;;;;;;;;;;;x
c_great_ordonia_plateau;Great Ordonia Plateau;;;;;;;;;;;;;x
c_north_ordonia_plateau;North Ordonia Plateau;;;;;;;;;;;;;x
c_west_ordonia_plateau;West Ordonia Plateau;;;;;;;;;;;;;x
c_mount_hylia;Mount Hylia;;;;;;;;;;;;;x
c_castle_town_gate;Castle Town Gate;;;;;;;;;;;;;x
c_west_castle_town;West Castle Town;;;;;;;;;;;;;x
c_east_castle_town;East Castle Town;;;;;;;;;;;;;x
c_central_castle_town;Central Castle Town;;;;;;;;;;;;;x
c_temple_of_time;Temple of Time;;;;;;;;;;;;;x
c_castle_road;Castle Road;;;;;;;;;;;;;x
c_sacred_grove;Sacred Grove;;;;;;;;;;;;;x
c_kakariko;Kakariko;;;;;;;;;;;;;x
c_shadow_temple;Shadow Temple;;;;;;;;;;;;;x
c_mountain_gate;Mountain Gate;;;;;;;;;;;;;x
c_south_hyrule_field;South Hyrule Field;;;;;;;;;;;;;x
c_southwest_hyrule_field;Southwest Hyrule;;;;;;;;;;;;;x
c_gerudo_gate;Geruo Gate;;;;;;;;;;;;;x
c_west_hyrule_field;West Hyrule Field;;;;;;;;;;;;;x
c_east_hyrule_field;East Hyrule Field;;;;;;;;;;;;;x
c_north_hyrule_field;North Hyrule Field;;;;;;;;;;;;;x
c_south_east_Hyrule_field;SOuth East Hyrule Field;;;;;;;;;;;;;x
c_central_hyrule_field;Central Hyrule Field;;;;;;;;;;;;;x
c_hylia_lakeside;Hylia Lakeside;;;;;;;;;;;;;x
c_bridge_island;Bridge Island;;;;;;;;;;;;;x
c_sun_island;Sun Island;;;;;;;;;;;;;x
c_water_temple;Water Temple;;;;;;;;;;;;;x
c_lon_lon_hill;Lon Lon Hill;;;;;;;;;;;;;x
c_coken;Coken;Coken;Coken;;Coken;;;;;;;;;x
c_coken_adj;Cokenian;;cokener;;;;;;;;;;;x
c_cotko;Cotko;Cotko;Cotko;;Cotko;;;;;;;;;x
c_cotko_adj;Cotkian;;cotker;;;;;;;;;;;x
c_fetku;Fetku;Fetku;Fetku;;Fetku;;;;;;;;;x
c_fetku_adj;Fetkian;;fetker;;;;;;;;;;;x
c_fokoqa;Fokoqa;Fokoqa;Fokoqa;;Fokoqa;;;;;;;;;x
c_fokoqa_adj;Fokoqan;;fokoqer;;;;;;;;;;;x
c_hinitra;Hinitra;Hinitra;Hinitra;;Hinitra;;;;;;;;;x
c_hinitra_adj;Hinitraian;;Hinitraer;;;;;;;;;;;x
c_lower_crater;Notra;Notra;Notra;;Notra;;;;;;;;;x
c_lower_crater_adj;Notraian;;Notraer;;;;;;;;;;;x
c_lunen;Lunen;Lunen;Lunen;;Lunen;;;;;;;;;x
c_lunen_adj;Lunenian;;lunener;;;;;;;;;;;x
c_menen;Menen;Menen;Menen;;Menen;;;;;;;;;x
c_menen_adj;Menenian;;menener;;;;;;;;;;;x
c_lorom;Lorom;Lorom;Lorom;;Lorom;;;;;;;;;x
c_lorom_adj;Loromian;;Loromer;;;;;;;;;;;x
c_suroro;Suroro;Suroro;Suroro;;Suroro;;;;;;;;;x
c_suroro_adj;Surorian;;surorer;;;;;;;;;;;x
c_cuiqenon;Cuiqenon;Cuiqenon;Cuiqenon;;Cuiqenon;;;;;;;;;x
c_cuiqenon_adj;Cuiqenonian;;Cuiqenoner;;;;;;;;;;;x
c_anyaho;Anyaho;Anyaho;Anyaho;;Anyaho;;;;;;;;;x
c_anyaho_adj;Anyahian;;anyaher;;;;;;;;;;;x
c_arang;Arang;Arang;Arang;;Arang;;;;;;;;;x
c_arang_adj;Arangian;;aranger;;;;;;;;;;;x
c_aryuk;Aryuk;Aryuk;Aryuk;;Aryuk;;;;;;;;;x
c_aryuk_adj;Aryukian;;aryuker;;;;;;;;;;;x
c_ataya;Ataya;Ataya;Ataya;;Ataya;;;;;;;;;x
c_ataya_adj;Atayan;;ataer;;;;;;;;;;;x
c_baiman;Baiman;Baiman;Baiman;;Baiman;;;;;;;;;x
c_baiman_adj;Baimanian;;baimaner;;;;;;;;;;;x
c_bangrajang;Bangrajang;Bangrajang;Bangrajang;;Bangrajang;;;;;;;;;x
c_bangrajang_adj;Bangrajangian;;bangrajanger;;;;;;;;;;;x
c_banro;Banro;Banro;Banro;;Banro;;;;;;;;;x
c_banro_adj;Banrian;;banrer;;;;;;;;;;;x
c_batang;Batang;Batang;Batang;;Batang;;;;;;;;;x
c_batang_adj;Batangian;;batanger;;;;;;;;;;;x
c_bawang;Bawang;Bawang;Bawang;;Bawang;;;;;;;;;x
c_bawang_adj;Bawangian;;bawanger;;;;;;;;;;;x
c_bunam;Bunam;Bunam;Bunam;;Bunam;;;;;;;;;x
c_bunam_adj;Bunamian;;bunamer;;;;;;;;;;;x
c_changmo;Changmo;Changmo;Changmo;;Changmo;;;;;;;;;x
c_changmo_adj;Changmian;;changmer;;;;;;;;;;;x
c_changyi;Changyi;Changyi;Changyi;;Changyi;;;;;;;;;x
c_changyi_adj;Changian;;changer;;;;;;;;;;;x
c_chonmul;Chonmul;Chonmul;Chonmul;;Chonmul;;;;;;;;;x
c_chonmul_adj;Chonmulian;;chonmuler;;;;;;;;;;;x
c_daemashi;Daemashi;Daemashi;Daemashi;;Daemashi;;;;;;;;;x
c_daemashi_adj;Daemashian;;daemasher;;;;;;;;;;;x
c_damujin;Damujin;Damujin;Damujin;;Damujin;;;;;;;;;x
c_damujin_adj;Damujinian;;damujiner;;;;;;;;;;;x
c_dangwu;Dangwu;Dangwu;Dangwu;;Dangwu;;;;;;;;;x
c_dangwu_adj;Dangwian;;dangwer;;;;;;;;;;;x
c_daya;Daya;Daya;Daya;;Daya;;;;;;;;;x
c_daya_adj;Dayan;;daer;;;;;;;;;;;x
c_deokmin;Deokmin;Deokmin;Deokmin;;Deokmin;;;;;;;;;x
c_deokmin_adj;Deokminian;;deokminer;;;;;;;;;;;x
c_durufen;Durufen;Durufen;Durufen;;Durufen;;;;;;;;;x
c_durufen_adj;Durufenian;;durufener;;;;;;;;;;;x
c_duyi;Duyi;Duyi;Duyi;;Duyi;;;;;;;;;x
c_duyi_adj;Duian;;duer;;;;;;;;;;;x
c_famusa;Famusa;Famusa;Famusa;;Famusa;;;;;;;;;x
c_famusa_adj;Famusan;;famuser;;;;;;;;;;;x
c_gaomar;Gaomar;Gaomar;Gaomar;;Gaomar;;;;;;;;;x
c_gaomar_adj;Gaomarian;;gaomarer;;;;;;;;;;;x
c_gorlang;Gorlang;Gorlang;Gorlang;;Gorlang;;;;;;;;;x
c_gorlang_adj;Gorlangian;;gorlanger;;;;;;;;;;;x
c_haebal;Haebal;Haebal;Haebal;;Haebal;;;;;;;;;x
c_haebal_adj;Haebalian;;haebaler;;;;;;;;;;;x
c_hakumul;Hakumul;Hakumul;Hakumul;;Hakumul;;;;;;;;;x
c_hakumul_adj;Hakumulian;;hakumuler;;;;;;;;;;;x
c_hanman;Hanman;Hanman;Hanman;;Hanman;;;;;;;;;x
c_hanman_adj;Hanmanian;;hanmaner;;;;;;;;;;;x
c_horyul;Horyul;Horyul;Horyul;;Horyul;;;;;;;;;x
c_horyul_adj;Horyulian;;horyuler;;;;;;;;;;;x
c_hotho;Hotho;Hotho;Hotho;;Hotho;;;;;;;;;x
c_hotho_adj;Hothian;;hother;;;;;;;;;;;x
c_huodan;Huodan;Huodan;Huodan;;Huodan;;;;;;;;;x
c_huodan_adj;Huodanian;;huodaner;;;;;;;;;;;x
c_huomen;Huomen;Huomen;Huomen;;Huomen;;;;;;;;;x
c_huomen_adj;Huomenian;;huomener;;;;;;;;;;;x
c_iburu;Iburu;Iburu;Iburu;;Iburu;;;;;;;;;x
c_iburu_adj;Iburian;;iburer;;;;;;;;;;;x
c_jakali;Jakali;Jakali;Jakali;;Jakali;;;;;;;;;x
c_jakali_adj;Jakalian;;jakaler;;;;;;;;;;;x
c_jinghan;Jinghan;Jinghan;Jinghan;;Jinghan;;;;;;;;;x
c_jinghan_adj;Jinghanian;;jinghaner;;;;;;;;;;;x
c_jinla;Jinla;Jinla;Jinla;;Jinla;;;;;;;;;x
c_jinla_adj;Jinlan;;jinler;;;;;;;;;;;x
c_kakarima;Kakarima;Kakarima;Kakarima;;Kakarima;;;;;;;;;x
c_kakarima_adj;Kakariman;;kakarimer;;;;;;;;;;;x
c_kaliman;Kaliman;Kaliman;Kaliman;;Kaliman;;;;;;;;;x
c_kaliman_adj;Kalimanian;;kalimaner;;;;;;;;;;;x
c_kamba;Kamba;Kamba;Kamba;;Kamba;;;;;;;;;x
c_kamba_adj;Kamban;;kamber;;;;;;;;;;;x
c_kanakan;Kanakan;Kanakan;Kanakan;;Kanakan;;;;;;;;;x
c_kanakan_adj;Kanakanian;;kanakaner;;;;;;;;;;;x
c_kangso;Kangso;Kangso;Kangso;;Kangso;;;;;;;;;x
c_kangso_adj;Kangsian;;kangser;;;;;;;;;;;x
c_kanru;Kanru;Kanru;Kanru;;Kanru;;;;;;;;;x
c_kanru_adj;Kanrian;;kanrer;;;;;;;;;;;x
c_kaxa;Kaxa;Kaxa;Kaxa;;Kaxa;;;;;;;;;x
c_kaxa_adj;Kaxan;;kaxer;;;;;;;;;;;x
c_khaohom;Khaohom;Khaohom;Khaohom;;Khaohom;;;;;;;;;x
c_khaohom_adj;Khaohomian;;khaohomer;;;;;;;;;;;x
c_kimchi;Kimchi;Kimchi;Kimchi;;Kimchi;;;;;;;;;x
c_kimchi_adj;Kimchian;;kimcher;;;;;;;;;;;x
c_kimheon;Kimheon;Kimheon;Kimheon;;Kimheon;;;;;;;;;x
c_kimheon_adj;Kimheonian;;kimheoner;;;;;;;;;;;x
c_kinisha;Kinisha;Kinisha;Kinisha;;Kinisha;;;;;;;;;x
c_kinisha_adj;Kinishan;;kinisher;;;;;;;;;;;x
c_kukiel;Kukiel;Kukiel;Kukiel;;Kukiel;;;;;;;;;x
c_kukiel_adj;Kukielian;;kukieler;;;;;;;;;;;x
c_lansang;Lansang;Lansang;Lansang;;Lansang;;;;;;;;;x
c_lansang_adj;Lansangian;;lansanger;;;;;;;;;;;x
c_lihan;Lihan;Lihan;Lihan;;Lihan;;;;;;;;;x
c_lihan_adj;Lihanian;;lihaner;;;;;;;;;;;x
c_lumpa;Lumpa;Lumpa;Lumpa;;Lumpa;;;;;;;;;x
c_lumpa_adj;Lumpan;;lumper;;;;;;;;;;;x
c_lusung;Lusung;Lusung;Lusung;;Lusung;;;;;;;;;x
c_lusung_adj;Lusungian;;lusunger;;;;;;;;;;;x
c_makanlataka;Makanlataka;Makanlataka;Makanlataka;;Makanlataka;;;;;;;;;x
c_makanlataka_adj;Makanlatakan;;makanlataker;;;;;;;;;;;x
c_makare;Makare;Makare;Makare;;Makare;;;;;;;;;x
c_makare_adj;Makarean;;makarer;;;;;;;;;;;x
c_mangyan;Mangyan;Mangyan;Mangyan;;Mangyan;;;;;;;;;x
c_mangyan_adj;Mangyanian;;mangyaner;;;;;;;;;;;x
c_maomong;Maomong;Maomong;Maomong;;Maomong;;;;;;;;;x
c_maomong_adj;Maomongian;;maomonger;;;;;;;;;;;x
c_mayi;Mayi;Mayi;Mayi;;Mayi;;;;;;;;;x
c_mayi_adj;Maian;;maer;;;;;;;;;;;x
c_minumchi;Minumchi;Minumchi;Minumchi;;Minumchi;;;;;;;;;x
c_minumchi_adj;Minumchian;;minumcher;;;;;;;;;;;x
c_morusego;Morusego;Morusego;Morusego;;Morusego;;;;;;;;;x
c_morusego_adj;Morusegian;;moruseger;;;;;;;;;;;x
c_muang;Muang;Muang;Muang;;Muang;;;;;;;;;x
c_muang_adj;Muangian;;muanger;;;;;;;;;;;x
c_nurung;Nurung;Nurung;Nurung;;Nurung;;;;;;;;;x
c_nurung_adj;Nurungian;;nurunger;;;;;;;;;;;x
c_odori;Odori;Odori;Odori;;Odori;;;;;;;;;x
c_odori_adj;Odorian;;odorer;;;;;;;;;;;x
c_okara;Okara;Okara;Okara;;Okara;;;;;;;;;x
c_okara_adj;Okaran;;okarer;;;;;;;;;;;x
c_omoni;Omoni;Omoni;Omoni;;Omoni;;;;;;;;;x
c_omoni_adj;Omonian;;omoner;;;;;;;;;;;x
c_orang;Orang;Orang;Orang;;Orang;;;;;;;;;x
c_orang_adj;Orangian;;oranger;;;;;;;;;;;x
c_pagaung;Pagaung;Pagaung;Pagaung;;Pagaung;;;;;;;;;x
c_pagaung_adj;Pagaungian;;pagaunger;;;;;;;;;;;x
c_paiwei;Paiwei;Paiwei;Paiwei;;Paiwei;;;;;;;;;x
c_paiwei_adj;Paiwian;;paiwer;;;;;;;;;;;x
c_porapa;Porapa;Porapa;Porapa;;Porapa;;;;;;;;;x
c_porapa_adj;Porapan;;poraper;;;;;;;;;;;x
c_purajoho;Purajoho;Purajoho;Purajoho;;Purajoho;;;;;;;;;x
c_purajoho_adj;Purajohian;;purajoher;;;;;;;;;;;x
c_putao;Putao;Putao;Putao;;Putao;;;;;;;;;x
c_putao_adj;Putian;;puter;;;;;;;;;;;x
c_puyeo;Puyeo;Puyeo;Puyeo;;Puyeo;;;;;;;;;x
c_puyeo_adj;Puian;;puer;;;;;;;;;;;x
c_quruman;Quruman;Quruman;Quruman;;Quruman;;;;;;;;;x
c_quruman_adj;Qurumanian;;qurumaner;;;;;;;;;;;x
c_rakai;Rakai;Rakai;Rakai;;Rakai;;;;;;;;;x
c_rakai_adj;Rakian;;raker;;;;;;;;;;;x
c_sajidao;Sajidao;Sajidao;Sajidao;;Sajidao;;;;;;;;;x
c_sajidao_adj;Sajidian;;sajider;;;;;;;;;;;x
c_sanbu;Sanbu;Sanbu;Sanbu;;Sanbu;;;;;;;;;x
c_sanbu_adj;Sanbian;;sanber;;;;;;;;;;;x
c_sang;Sang;Sang;Sang;;Sang;;;;;;;;;x
c_sang_adj;Sangian;;sanger;;;;;;;;;;;x
c_sapango;Sapango;Sapango;Sapango;;Sapango;;;;;;;;;x
c_sapango_adj;Sapangian;;sapanger;;;;;;;;;;;x
c_seludong;Seludong;Seludong;Seludong;;Seludong;;;;;;;;;x
c_seludong_adj;Seludongian;;seludonger;;;;;;;;;;;x
c_seoran;Seoran;Seoran;Seoran;;Seoran;;;;;;;;;x
c_seoran_adj;Seoranian;;seoraner;;;;;;;;;;;x
c_seroa;Seroa;Seroa;Seroa;;Seroa;;;;;;;;;x
c_seroa_adj;Seroan;;serer;;;;;;;;;;;x
c_shamen;Shamen;Shamen;Shamen;;Shamen;;;;;;;;;x
c_shamen_adj;Shamenian;;shamener;;;;;;;;;;;x
c_shenma;Shenma;Shenma;Shenma;;Shenma;;;;;;;;;x
c_shenma_adj;Shenman;;shenmer;;;;;;;;;;;x
c_shire;Shire;Shire;Shire;;Shire;;;;;;;;;x
c_shire_adj;Shirean;;shirer;;;;;;;;;;;x
c_shisan;Shisan;Shisan;Shisan;;Shisan;;;;;;;;;x
c_shisan_adj;Shisanian;;shisaner;;;;;;;;;;;x
c_siayasi;Siayasi;Siayasi;Siayasi;;Siayasi;;;;;;;;;x
c_siayasi_adj;Siayasian;;siayaser;;;;;;;;;;;x
c_simang;Simang;Simang;Simang;;Simang;;;;;;;;;x
c_simang_adj;Simangian;;simanger;;;;;;;;;;;x
c_sing;Sing;Sing;Sing;;Sing;;;;;;;;;x
c_sing_adj;Singian;;singer;;;;;;;;;;;x
c_sinwei;Sinwei;Sinwei;Sinwei;;Sinwei;;;;;;;;;x
c_sinwei_adj;Sinwian;;sinwer;;;;;;;;;;;x
c_sisashan;Sisashan;Sisashan;Sisashan;;Sisashan;;;;;;;;;x
c_sisashan_adj;Sisashanian;;sisashaner;;;;;;;;;;;x
c_suangma;Suangma;Suangma;Suangma;;Suangma;;;;;;;;;x
c_suangma_adj;Suangman;;suangmer;;;;;;;;;;;x
c_sukang;Sukang;Sukang;Sukang;;Sukang;;;;;;;;;x
c_sukang_adj;Sukangian;;sukanger;;;;;;;;;;;x
c_suliming;Suliming;Suliming;Suliming;;Suliming;;;;;;;;;x
c_suliming_adj;Sulimingian;;suliminger;;;;;;;;;;;x
c_sumbala;Sumbala;Sumbala;Sumbala;;Sumbala;;;;;;;;;x
c_sumbala_adj;Sumbalan;;sumbaler;;;;;;;;;;;x
c_tangra;Tangra;Tangra;Tangra;;Tangra;;;;;;;;;x
c_tangra_adj;Tangran;;tangrer;;;;;;;;;;;x
c_thao;Thao;Thao;Thao;;Thao;;;;;;;;;x
c_thao_adj;Thian;;ther;;;;;;;;;;;x
c_torugol;Torugol;Torugol;Torugol;;Torugol;;;;;;;;;x
c_torugol_adj;Torugolian;;torugoler;;;;;;;;;;;x
c_tundok;Tundok;Tundok;Tundok;;Tundok;;;;;;;;;x
c_tundok_adj;Tundokian;;tundoker;;;;;;;;;;;x
c_tuong;Tuong;Tuong;Tuong;;Tuong;;;;;;;;;x
c_tuong_adj;Tuongian;;tuonger;;;;;;;;;;;x
c_viang;Viang;Viang;Viang;;Viang;;;;;;;;;x
c_viang_adj;Viangian;;vianger;;;;;;;;;;;x
c_xang;Xang;Xang;Xang;;Xang;;;;;;;;;x
c_xang_adj;Xangian;;xanger;;;;;;;;;;;x
c_xinang;Xinang;Xinang;Xinang;;Xinang;;;;;;;;;x
c_xinang_adj;Xinangian;;xinanger;;;;;;;;;;;x
c_yami;Yami;Yami;Yami;;Yami;;;;;;;;;x
c_yami_adj;Yamian;;yamer;;;;;;;;;;;x
c_yezima;Yezima;Yezima;Yezima;;Yezima;;;;;;;;;x
c_yezima_adj;Yeziman;;yezimer;;;;;;;;;;;x
c_yitara;Yitara;Yitara;Yitara;;Yitara;;;;;;;;;x
c_yitara_adj;Yitaran;;yitarer;;;;;;;;;;;x
c_ahitaru;Ahitaru;Ahitaru;Ahitaru;;Ahitaru;;;;;;;;;x
c_ahitaru_adj;Ahitarian;;ahitarer;;;;;;;;;;;x
c_anyaho;Anyaho;Anyaho;Anyaho;;Anyaho;;;;;;;;;x
c_anyaho_adj;Anyahian;;anyaher;;;;;;;;;;;x
c_arang;Arang;Arang;Arang;;Arang;;;;;;;;;x
c_arang_adj;Arangian;;aranger;;;;;;;;;;;x
c_aru_ainu;Aru Ainu;Aru Ainu;Aru Ainu;;Aru Ainu;;;;;;;;;x
c_aru_ainu_adj;Aru Ainian;;Aru Ainer;;;;;;;;;;;x
c_aryuk;Aryuk;Aryuk;Aryuk;;Aryuk;;;;;;;;;x
c_aryuk_adj;Aryukian;;aryuker;;;;;;;;;;;x
c_ataya;Ataya;Ataya;Ataya;;Ataya;;;;;;;;;x
c_ataya_adj;Atayan;;ataer;;;;;;;;;;;x
c_baiman;Baiman;Baiman;Baiman;;Baiman;;;;;;;;;x
c_baiman_adj;Baimanian;;baimaner;;;;;;;;;;;x
c_bangrajang;Bangrajang;Bangrajang;Bangrajang;;Bangrajang;;;;;;;;;x
c_bangrajang_adj;Bangrajangian;;bangrajanger;;;;;;;;;;;x
c_banro;Banro;Banro;Banro;;Banro;;;;;;;;;x
c_banro_adj;Banrian;;banrer;;;;;;;;;;;x
c_batang;Batang;Batang;Batang;;Batang;;;;;;;;;x
c_batang_adj;Batangian;;batanger;;;;;;;;;;;x
c_bawang;Bawang;Bawang;Bawang;;Bawang;;;;;;;;;x
c_bawang_adj;Bawangian;;bawanger;;;;;;;;;;;x
c_bunam;Bunam;Bunam;Bunam;;Bunam;;;;;;;;;x
c_bunam_adj;Bunamian;;bunamer;;;;;;;;;;;x
c_changmo;Changmo;Changmo;Changmo;;Changmo;;;;;;;;;x
c_changmo_adj;Changmian;;changmer;;;;;;;;;;;x
c_changyi;Changyi;Changyi;Changyi;;Changyi;;;;;;;;;x
c_changyi_adj;Changian;;changer;;;;;;;;;;;x
c_chonmul;Chonmul;Chonmul;Chonmul;;Chonmul;;;;;;;;;x
c_chonmul_adj;Chonmulian;;chonmuler;;;;;;;;;;;x
c_daemashi;Daemashi;Daemashi;Daemashi;;Daemashi;;;;;;;;;x
c_daemashi_adj;Daemashian;;daemasher;;;;;;;;;;;x
c_damujin;Damujin;Damujin;Damujin;;Damujin;;;;;;;;;x
c_damujin_adj;Damujinian;;damujiner;;;;;;;;;;;x
c_dangwu;Dangwu;Dangwu;Dangwu;;Dangwu;;;;;;;;;x
c_dangwu_adj;Dangwian;;dangwer;;;;;;;;;;;x
c_daya;Daya;Daya;Daya;;Daya;;;;;;;;;x
c_daya_adj;Dayan;;daer;;;;;;;;;;;x
c_deokmin;Deokmin;Deokmin;Deokmin;;Deokmin;;;;;;;;;x
c_deokmin_adj;Deokminian;;deokminer;;;;;;;;;;;x
c_dodomai;Dodomai;Dodomai;Dodomai;;Dodomai;;;;;;;;;x
c_dodomai_adj;Dodomian;;dodomer;;;;;;;;;;;x
c_durufen;Durufen;Durufen;Durufen;;Durufen;;;;;;;;;x
c_durufen_adj;Durufenian;;durufener;;;;;;;;;;;x
c_duyi;Duyi;Duyi;Duyi;;Duyi;;;;;;;;;x
c_duyi_adj;Duian;;duer;;;;;;;;;;;x
c_famusa;Famusa;Famusa;Famusa;;Famusa;;;;;;;;;x
c_famusa_adj;Famusan;;famuser;;;;;;;;;;;x
c_gaomar;Gaomar;Gaomar;Gaomar;;Gaomar;;;;;;;;;x
c_gaomar_adj;Gaomarian;;gaomarer;;;;;;;;;;;x
c_gorlang;Gorlang;Gorlang;Gorlang;;Gorlang;;;;;;;;;x
c_gorlang_adj;Gorlangian;;gorlanger;;;;;;;;;;;x
c_haebal;Haebal;Haebal;Haebal;;Haebal;;;;;;;;;x
c_haebal_adj;Haebalian;;haebaler;;;;;;;;;;;x
c_hakumul;Hakumul;Hakumul;Hakumul;;Hakumul;;;;;;;;;x
c_hakumul_adj;Hakumulian;;hakumuler;;;;;;;;;;;x
c_hanman;Hanman;Hanman;Hanman;;Hanman;;;;;;;;;x
c_hanman_adj;Hanmanian;;hanmaner;;;;;;;;;;;x
c_horyul;Horyul;Horyul;Horyul;;Horyul;;;;;;;;;x
c_horyul_adj;Horyulian;;horyuler;;;;;;;;;;;x
c_hotho;Hotho;Hotho;Hotho;;Hotho;;;;;;;;;x
c_hotho_adj;Hothian;;hother;;;;;;;;;;;x
c_huodan;Huodan;Huodan;Huodan;;Huodan;;;;;;;;;x
c_huodan_adj;Huodanian;;huodaner;;;;;;;;;;;x
c_huomen;Huomen;Huomen;Huomen;;Huomen;;;;;;;;;x
c_huomen_adj;Huomenian;;huomener;;;;;;;;;;;x
c_iburu;Iburu;Iburu;Iburu;;Iburu;;;;;;;;;x
c_iburu_adj;Iburian;;iburer;;;;;;;;;;;x
c_jakali;Jakali;Jakali;Jakali;;Jakali;;;;;;;;;x
c_jakali_adj;Jakalian;;jakaler;;;;;;;;;;;x
c_jinghan;Jinghan;Jinghan;Jinghan;;Jinghan;;;;;;;;;x
c_jinghan_adj;Jinghanian;;jinghaner;;;;;;;;;;;x
c_jinla;Jinla;Jinla;Jinla;;Jinla;;;;;;;;;x
c_jinla_adj;Jinlan;;jinler;;;;;;;;;;;x
c_kakarima;Kakarima;Kakarima;Kakarima;;Kakarima;;;;;;;;;x
c_kakarima_adj;Kakariman;;kakarimer;;;;;;;;;;;x
c_kaliman;Kaliman;Kaliman;Kaliman;;Kaliman;;;;;;;;;x
c_kaliman_adj;Kalimanian;;kalimaner;;;;;;;;;;;x
c_kamba;Kamba;Kamba;Kamba;;Kamba;;;;;;;;;x
c_kamba_adj;Kamban;;kamber;;;;;;;;;;;x
c_kanakan;Kanakan;Kanakan;Kanakan;;Kanakan;;;;;;;;;x
c_kanakan_adj;Kanakanian;;kanakaner;;;;;;;;;;;x
c_kangso;Kangso;Kangso;Kangso;;Kangso;;;;;;;;;x
c_kangso_adj;Kangsian;;kangser;;;;;;;;;;;x
c_kanru;Kanru;Kanru;Kanru;;Kanru;;;;;;;;;x
c_kanru_adj;Kanrian;;kanrer;;;;;;;;;;;x
c_kaxa;Kaxa;Kaxa;Kaxa;;Kaxa;;;;;;;;;x
c_kaxa_adj;Kaxan;;kaxer;;;;;;;;;;;x
c_khaohom;Khaohom;Khaohom;Khaohom;;Khaohom;;;;;;;;;x
c_khaohom_adj;Khaohomian;;khaohomer;;;;;;;;;;;x
c_kimchi;Kimchi;Kimchi;Kimchi;;Kimchi;;;;;;;;;x
c_kimchi_adj;Kimchian;;kimcher;;;;;;;;;;;x
c_kimheon;Kimheon;Kimheon;Kimheon;;Kimheon;;;;;;;;;x
c_kimheon_adj;Kimheonian;;kimheoner;;;;;;;;;;;x
c_kinisha;Kinisha;Kinisha;Kinisha;;Kinisha;;;;;;;;;x
c_kinisha_adj;Kinishan;;kinisher;;;;;;;;;;;x
c_kobitan;Kobitan;Kobitan;Kobitan;;Kobitan;;;;;;;;;x
c_kobitan_adj;Kobitanian;;kobitaner;;;;;;;;;;;x
c_kukiel;Kukiel;Kukiel;Kukiel;;Kukiel;;;;;;;;;x
c_kukiel_adj;Kukielian;;kukieler;;;;;;;;;;;x
c_lansang;Lansang;Lansang;Lansang;;Lansang;;;;;;;;;x
c_lansang_adj;Lansangian;;lansanger;;;;;;;;;;;x
c_lihan;Lihan;Lihan;Lihan;;Lihan;;;;;;;;;x
c_lihan_adj;Lihanian;;lihaner;;;;;;;;;;;x
c_lumpa;Lumpa;Lumpa;Lumpa;;Lumpa;;;;;;;;;x
c_lumpa_adj;Lumpan;;lumper;;;;;;;;;;;x
c_lusung;Lusung;Lusung;Lusung;;Lusung;;;;;;;;;x
c_lusung_adj;Lusungian;;lusunger;;;;;;;;;;;x
c_makanlataka;Makanlataka;Makanlataka;Makanlataka;;Makanlataka;;;;;;;;;x
c_makanlataka_adj;Makanlatakan;;makanlataker;;;;;;;;;;;x
c_makare;Makare;Makare;Makare;;Makare;;;;;;;;;x
c_makare_adj;Makarean;;makarer;;;;;;;;;;;x
c_mangyan;Mangyan;Mangyan;Mangyan;;Mangyan;;;;;;;;;x
c_mangyan_adj;Mangyanian;;mangyaner;;;;;;;;;;;x
c_maomong;Maomong;Maomong;Maomong;;Maomong;;;;;;;;;x
c_maomong_adj;Maomongian;;maomonger;;;;;;;;;;;x
c_mayi;Mayi;Mayi;Mayi;;Mayi;;;;;;;;;x
c_mayi_adj;Maian;;maer;;;;;;;;;;;x
c_minumchi;Minumchi;Minumchi;Minumchi;;Minumchi;;;;;;;;;x
c_minumchi_adj;Minumchian;;minumcher;;;;;;;;;;;x
c_morusego;Morusego;Morusego;Morusego;;Morusego;;;;;;;;;x
c_morusego_adj;Morusegian;;moruseger;;;;;;;;;;;x
c_muang;Muang;Muang;Muang;;Muang;;;;;;;;;x
c_muang_adj;Muangian;;muanger;;;;;;;;;;;x
c_nokani;Nokani;Nokani;Nokani;;Nokani;;;;;;;;;x
c_nokani_adj;Nokanian;;nokaner;;;;;;;;;;;x
c_nurung;Nurung;Nurung;Nurung;;Nurung;;;;;;;;;x
c_nurung_adj;Nurungian;;nurunger;;;;;;;;;;;x
c_odori;Odori;Odori;Odori;;Odori;;;;;;;;;x
c_odori_adj;Odorian;;odorer;;;;;;;;;;;x
c_okara;Okara;Okara;Okara;;Okara;;;;;;;;;x
c_okara_adj;Okaran;;okarer;;;;;;;;;;;x
c_omoni;Omoni;Omoni;Omoni;;Omoni;;;;;;;;;x
c_omoni_adj;Omonian;;omoner;;;;;;;;;;;x
c_orang;Orang;Orang;Orang;;Orang;;;;;;;;;x
c_orang_adj;Orangian;;oranger;;;;;;;;;;;x
c_pagaung;Pagaung;Pagaung;Pagaung;;Pagaung;;;;;;;;;x
c_pagaung_adj;Pagaungian;;pagaunger;;;;;;;;;;;x
c_paiwei;Paiwei;Paiwei;Paiwei;;Paiwei;;;;;;;;;x
c_paiwei_adj;Paiwian;;paiwer;;;;;;;;;;;x
c_porapa;Porapa;Porapa;Porapa;;Porapa;;;;;;;;;x
c_porapa_adj;Porapan;;poraper;;;;;;;;;;;x
c_purajoho;Purajoho;Purajoho;Purajoho;;Purajoho;;;;;;;;;x
c_purajoho_adj;Purajohian;;purajoher;;;;;;;;;;;x
c_putao;Putao;Putao;Putao;;Putao;;;;;;;;;x
c_putao_adj;Putian;;puter;;;;;;;;;;;x
c_puyeo;Puyeo;Puyeo;Puyeo;;Puyeo;;;;;;;;;x
c_puyeo_adj;Puian;;puer;;;;;;;;;;;x
c_quruman;Quruman;Quruman;Quruman;;Quruman;;;;;;;;;x
c_quruman_adj;Qurumanian;;qurumaner;;;;;;;;;;;x
c_rakai;Rakai;Rakai;Rakai;;Rakai;;;;;;;;;x
c_rakai_adj;Rakian;;raker;;;;;;;;;;;x
c_reeson;Reeson;Reeson;Reeson;;Reeson;;;;;;;;;x
c_reeson_adj;Reesonian;;reesoner;;;;;;;;;;;x
c_sajidao;Sajidao;Sajidao;Sajidao;;Sajidao;;;;;;;;;x
c_sajidao_adj;Sajidian;;sajider;;;;;;;;;;;x
c_sakado;Sakado;Sakado;Sakado;;Sakado;;;;;;;;;x
c_sakado_adj;Sakadian;;sakader;;;;;;;;;;;x
c_sanbu;Sanbu;Sanbu;Sanbu;;Sanbu;;;;;;;;;x
c_sanbu_adj;Sanbian;;sanber;;;;;;;;;;;x
c_sang;Sang;Sang;Sang;;Sang;;;;;;;;;x
c_sang_adj;Sangian;;sanger;;;;;;;;;;;x
c_sapango;Sapango;Sapango;Sapango;;Sapango;;;;;;;;;x
c_sapango_adj;Sapangian;;sapanger;;;;;;;;;;;x
c_seludong;Seludong;Seludong;Seludong;;Seludong;;;;;;;;;x
c_seludong_adj;Seludongian;;seludonger;;;;;;;;;;;x
c_seoran;Seoran;Seoran;Seoran;;Seoran;;;;;;;;;x
c_seoran_adj;Seoranian;;seoraner;;;;;;;;;;;x
c_seroa;Seroa;Seroa;Seroa;;Seroa;;;;;;;;;x
c_seroa_adj;Seroan;;serer;;;;;;;;;;;x
c_shamen;Shamen;Shamen;Shamen;;Shamen;;;;;;;;;x
c_shamen_adj;Shamenian;;shamener;;;;;;;;;;;x
c_shenma;Shenma;Shenma;Shenma;;Shenma;;;;;;;;;x
c_shenma_adj;Shenman;;shenmer;;;;;;;;;;;x
c_shire;Shire;Shire;Shire;;Shire;;;;;;;;;x
c_shire_adj;Shirean;;shirer;;;;;;;;;;;x
c_shisan;Shisan;Shisan;Shisan;;Shisan;;;;;;;;;x
c_shisan_adj;Shisanian;;shisaner;;;;;;;;;;;x
c_shutoy;Shutoy;Shutoy;Shutoy;;Shutoy;;;;;;;;;x
c_shutoy_adj;Shutoian;;shutoer;;;;;;;;;;;x
c_siayasi;Siayasi;Siayasi;Siayasi;;Siayasi;;;;;;;;;x
c_siayasi_adj;Siayasian;;siayaser;;;;;;;;;;;x
c_simang;Simang;Simang;Simang;;Simang;;;;;;;;;x
c_simang_adj;Simangian;;simanger;;;;;;;;;;;x
c_sing;Sing;Sing;Sing;;Sing;;;;;;;;;x
c_sing_adj;Singian;;singer;;;;;;;;;;;x
c_sinwei;Sinwei;Sinwei;Sinwei;;Sinwei;;;;;;;;;x
c_sinwei_adj;Sinwian;;sinwer;;;;;;;;;;;x
c_sisashan;Sisashan;Sisashan;Sisashan;;Sisashan;;;;;;;;;x
c_sisashan_adj;Sisashanian;;sisashaner;;;;;;;;;;;x
c_suangma;Suangma;Suangma;Suangma;;Suangma;;;;;;;;;x
c_suangma_adj;Suangman;;suangmer;;;;;;;;;;;x
c_sukang;Sukang;Sukang;Sukang;;Sukang;;;;;;;;;x
c_sukang_adj;Sukangian;;sukanger;;;;;;;;;;;x
c_suliming;Suliming;Suliming;Suliming;;Suliming;;;;;;;;;x
c_suliming_adj;Sulimingian;;suliminger;;;;;;;;;;;x
c_sumbala;Sumbala;Sumbala;Sumbala;;Sumbala;;;;;;;;;x
c_sumbala_adj;Sumbalan;;sumbaler;;;;;;;;;;;x
c_tangra;Tangra;Tangra;Tangra;;Tangra;;;;;;;;;x
c_tangra_adj;Tangran;;tangrer;;;;;;;;;;;x
c_thao;Thao;Thao;Thao;;Thao;;;;;;;;;x
c_thao_adj;Thian;;ther;;;;;;;;;;;x
c_torugol;Torugol;Torugol;Torugol;;Torugol;;;;;;;;;x
c_torugol_adj;Torugolian;;torugoler;;;;;;;;;;;x
c_tundok;Tundok;Tundok;Tundok;;Tundok;;;;;;;;;x
c_tundok_adj;Tundokian;;tundoker;;;;;;;;;;;x
c_tuong;Tuong;Tuong;Tuong;;Tuong;;;;;;;;;x
c_tuong_adj;Tuongian;;tuonger;;;;;;;;;;;x
c_tykogi;Tykogi;Tykogi;Tykogi;;Tykogi;;;;;;;;;x
c_tykogi_adj;Tykogian;;tykoger;;;;;;;;;;;x
c_viang;Viang;Viang;Viang;;Viang;;;;;;;;;x
c_viang_adj;Viangian;;vianger;;;;;;;;;;;x
c_xang;Xang;Xang;Xang;;Xang;;;;;;;;;x
c_xang_adj;Xangian;;xanger;;;;;;;;;;;x
c_xinang;Xinang;Xinang;Xinang;;Xinang;;;;;;;;;x
c_xinang_adj;Xinangian;;xinanger;;;;;;;;;;;x
c_yami;Yami;Yami;Yami;;Yami;;;;;;;;;x
c_yami_adj;Yamian;;yamer;;;;;;;;;;;x
c_yezima;Yezima;Yezima;Yezima;;Yezima;;;;;;;;;x
c_yezima_adj;Yeziman;;yezimer;;;;;;;;;;;x
c_yitara;Yitara;Yitara;Yitara;;Yitara;;;;;;;;;x
c_yitara_adj;Yitaran;;yitarer;;;;;;;;;;;xc_ahitaru;Ahitaru;Ahitaru;Ahitaru;;Ahitaru;;;;;;;;;x
c_ahitaru_adj;Ahitarian;;ahitarer;;;;;;;;;;;x
c_anyaho;Anyaho;Anyaho;Anyaho;;Anyaho;;;;;;;;;x
c_anyaho_adj;Anyahian;;anyaher;;;;;;;;;;;x
c_arang;Arang;Arang;Arang;;Arang;;;;;;;;;x
c_arang_adj;Arangian;;aranger;;;;;;;;;;;x
c_aru_ainu;Aru Ainu;Aru Ainu;Aru Ainu;;Aru Ainu;;;;;;;;;x
c_aru_ainu_adj;Aru Ainian;;Aru Ainer;;;;;;;;;;;x
c_aryuk;Aryuk;Aryuk;Aryuk;;Aryuk;;;;;;;;;x
c_aryuk_adj;Aryukian;;aryuker;;;;;;;;;;;x
c_ataya;Ataya;Ataya;Ataya;;Ataya;;;;;;;;;x
c_ataya_adj;Atayan;;ataer;;;;;;;;;;;x
c_baiman;Baiman;Baiman;Baiman;;Baiman;;;;;;;;;x
c_baiman_adj;Baimanian;;baimaner;;;;;;;;;;;x
c_bangrajang;Bangrajang;Bangrajang;Bangrajang;;Bangrajang;;;;;;;;;x
c_bangrajang_adj;Bangrajangian;;bangrajanger;;;;;;;;;;;x
c_banro;Banro;Banro;Banro;;Banro;;;;;;;;;x
c_banro_adj;Banrian;;banrer;;;;;;;;;;;x
c_batang;Batang;Batang;Batang;;Batang;;;;;;;;;x
c_batang_adj;Batangian;;batanger;;;;;;;;;;;x
c_bawang;Bawang;Bawang;Bawang;;Bawang;;;;;;;;;x
c_bawang_adj;Bawangian;;bawanger;;;;;;;;;;;x
c_bunam;Bunam;Bunam;Bunam;;Bunam;;;;;;;;;x
c_bunam_adj;Bunamian;;bunamer;;;;;;;;;;;x
c_cape_treasure;Cape Treasure;Cape Treasure;Cape Treasure;;Cape Treasure;;;;;;;;;x
c_cape_treature_adj;Cape Treaturean;;Cape Treaturer;;;;;;;;;;;x
c_changmo;Changmo;Changmo;Changmo;;Changmo;;;;;;;;;x
c_changmo_adj;Changmian;;changmer;;;;;;;;;;;x
c_changyi;Changyi;Changyi;Changyi;;Changyi;;;;;;;;;x
c_changyi_adj;Changian;;changer;;;;;;;;;;;x
c_chonmul;Chonmul;Chonmul;Chonmul;;Chonmul;;;;;;;;;x
c_chonmul_adj;Chonmulian;;chonmuler;;;;;;;;;;;x
c_daemashi;Daemashi;Daemashi;Daemashi;;Daemashi;;;;;;;;;x
c_daemashi_adj;Daemashian;;daemasher;;;;;;;;;;;x
c_damujin;Damujin;Damujin;Damujin;;Damujin;;;;;;;;;x
c_damujin_adj;Damujinian;;damujiner;;;;;;;;;;;x
c_dangwu;Dangwu;Dangwu;Dangwu;;Dangwu;;;;;;;;;x
c_dangwu_adj;Dangwian;;dangwer;;;;;;;;;;;x
c_daya;Daya;Daya;Daya;;Daya;;;;;;;;;x
c_daya_adj;Dayan;;daer;;;;;;;;;;;x
c_deku_island;Deku Island;Deku Island;Deku Island;;Deku Island;;;;;;;;;x
c_deku_island_adj;Deku Islandian;;Deku Islander;;;;;;;;;;;x
c_deokmin;Deokmin;Deokmin;Deokmin;;Deokmin;;;;;;;;;x
c_deokmin_adj;Deokminian;;deokminer;;;;;;;;;;;x
c_dodomai;Dodomai;Dodomai;Dodomai;;Dodomai;;;;;;;;;x
c_dodomai_adj;Dodomian;;dodomer;;;;;;;;;;;x
c_durufen;Durufen;Durufen;Durufen;;Durufen;;;;;;;;;x
c_durufen_adj;Durufenian;;durufener;;;;;;;;;;;x
c_duyi;Duyi;Duyi;Duyi;;Duyi;;;;;;;;;x
c_duyi_adj;Duian;;duer;;;;;;;;;;;x
c_famusa;Famusa;Famusa;Famusa;;Famusa;;;;;;;;;x
c_famusa_adj;Famusan;;famuser;;;;;;;;;;;x
c_gaomar;Gaomar;Gaomar;Gaomar;;Gaomar;;;;;;;;;x
c_gaomar_adj;Gaomarian;;gaomarer;;;;;;;;;;;x
c_goponga;Goponga;Goponga;Goponga;;Goponga;;;;;;;;;x
c_goponga_adj;Gopongan;;goponger;;;;;;;;;;;x
c_gorlang;Gorlang;Gorlang;Gorlang;;Gorlang;;;;;;;;;x
c_gorlang_adj;Gorlangian;;gorlanger;;;;;;;;;;;x
c_haebal;Haebal;Haebal;Haebal;;Haebal;;;;;;;;;x
c_haebal_adj;Haebalian;;haebaler;;;;;;;;;;;x
c_hakumul;Hakumul;Hakumul;Hakumul;;Hakumul;;;;;;;;;x
c_hakumul_adj;Hakumulian;;hakumuler;;;;;;;;;;;x
c_hanman;Hanman;Hanman;Hanman;;Hanman;;;;;;;;;x
c_hanman_adj;Hanmanian;;hanmaner;;;;;;;;;;;x
c_hometown_prarie;Hometown Prarie;Hometown Prarie;Hometown Prarie;;Hometown Prarie;;;;;;;;;x
c_hometown_prarie_adj;Hometown Prariean;;Hometown Prarer;;;;;;;;;;;x
c_horyul;Horyul;Horyul;Horyul;;Horyul;;;;;;;;;x
c_horyul_adj;Horyulian;;horyuler;;;;;;;;;;;x
c_hotho;Hotho;Hotho;Hotho;;Hotho;;;;;;;;;x
c_hotho_adj;Hothian;;hother;;;;;;;;;;;x
c_huodan;Huodan;Huodan;Huodan;;Huodan;;;;;;;;;x
c_huodan_adj;Huodanian;;huodaner;;;;;;;;;;;x
c_huomen;Huomen;Huomen;Huomen;;Huomen;;;;;;;;;x
c_huomen_adj;Huomenian;;huomener;;;;;;;;;;;x
c_iburu;Iburu;Iburu;Iburu;;Iburu;;;;;;;;;x
c_iburu_adj;Iburian;;iburer;;;;;;;;;;;x
c_jakali;Jakali;Jakali;Jakali;;Jakali;;;;;;;;;x
c_jakali_adj;Jakalian;;jakaler;;;;;;;;;;;x
c_jinghan;Jinghan;Jinghan;Jinghan;;Jinghan;;;;;;;;;x
c_jinghan_adj;Jinghanian;;jinghaner;;;;;;;;;;;x
c_jinla;Jinla;Jinla;Jinla;;Jinla;;;;;;;;;x
c_jinla_adj;Jinlan;;jinler;;;;;;;;;;;x
c_kakarima;Kakarima;Kakarima;Kakarima;;Kakarima;;;;;;;;;x
c_kakarima_adj;Kakariman;;kakarimer;;;;;;;;;;;x
c_kaliman;Kaliman;Kaliman;Kaliman;;Kaliman;;;;;;;;;x
c_kaliman_adj;Kalimanian;;kalimaner;;;;;;;;;;;x
c_kamba;Kamba;Kamba;Kamba;;Kamba;;;;;;;;;x
c_kamba_adj;Kamban;;kamber;;;;;;;;;;;x
c_kanakan;Kanakan;Kanakan;Kanakan;;Kanakan;;;;;;;;;x
c_kanakan_adj;Kanakanian;;kanakaner;;;;;;;;;;;x
c_kanalet;Kanalet;Kanalet;Kanalet;;Kanalet;;;;;;;;;x
c_kanalet_adj;Kanaletian;;kanaleter;;;;;;;;;;;x
c_kangso;Kangso;Kangso;Kangso;;Kangso;;;;;;;;;x
c_kangso_adj;Kangsian;;kangser;;;;;;;;;;;x
c_kanru;Kanru;Kanru;Kanru;;Kanru;;;;;;;;;x
c_kanru_adj;Kanrian;;kanrer;;;;;;;;;;;x
c_kaxa;Kaxa;Kaxa;Kaxa;;Kaxa;;;;;;;;;x
c_kaxa_adj;Kaxan;;kaxer;;;;;;;;;;;x
c_khaohom;Khaohom;Khaohom;Khaohom;;Khaohom;;;;;;;;;x
c_khaohom_adj;Khaohomian;;khaohomer;;;;;;;;;;;x
c_kimchi;Kimchi;Kimchi;Kimchi;;Kimchi;;;;;;;;;x
c_kimchi_adj;Kimchian;;kimcher;;;;;;;;;;;x
c_kimheon;Kimheon;Kimheon;Kimheon;;Kimheon;;;;;;;;;x
c_kimheon_adj;Kimheonian;;kimheoner;;;;;;;;;;;x
c_kinisha;Kinisha;Kinisha;Kinisha;;Kinisha;;;;;;;;;x
c_kinisha_adj;Kinishan;;kinisher;;;;;;;;;;;x
c_kobitan;Kobitan;Kobitan;Kobitan;;Kobitan;;;;;;;;;x
c_kobitan_adj;Kobitanian;;kobitaner;;;;;;;;;;;x
c_kukiel;Kukiel;Kukiel;Kukiel;;Kukiel;;;;;;;;;x
c_kukiel_adj;Kukielian;;kukieler;;;;;;;;;;;x
c_lansang;Lansang;Lansang;Lansang;;Lansang;;;;;;;;;x
c_lansang_adj;Lansangian;;lansanger;;;;;;;;;;;x
c_lihan;Lihan;Lihan;Lihan;;Lihan;;;;;;;;;x
c_lihan_adj;Lihanian;;lihaner;;;;;;;;;;;x
c_lon_lon_island;Lon Lon Island;Lon Lon Island;Lon Lon Island;;Lon Lon Island;;;;;;;;;x
c_lon_lon_island_adj;Lon Lon Islandian;;Lon Lon Islander;;;;;;;;;;;x
c_lumpa;Lumpa;Lumpa;Lumpa;;Lumpa;;;;;;;;;x
c_lumpa_adj;Lumpan;;lumper;;;;;;;;;;;x
c_lusung;Lusung;Lusung;Lusung;;Lusung;;;;;;;;;x
c_lusung_adj;Lusungian;;lusunger;;;;;;;;;;;x
c_mabe;Mabe;Mabe;Mabe;;Mabe;;;;;;;;;x
c_mabe_adj;Mabean;;maber;;;;;;;;;;;x
c_makanlataka;Makanlataka;Makanlataka;Makanlataka;;Makanlataka;;;;;;;;;x
c_makanlataka_adj;Makanlatakan;;makanlataker;;;;;;;;;;;x
c_makare;Makare;Makare;Makare;;Makare;;;;;;;;;x
c_makare_adj;Makarean;;makarer;;;;;;;;;;;x
c_mangyan;Mangyan;Mangyan;Mangyan;;Mangyan;;;;;;;;;x
c_mangyan_adj;Mangyanian;;mangyaner;;;;;;;;;;;x
c_maomong;Maomong;Maomong;Maomong;;Maomong;;;;;;;;;x
c_maomong_adj;Maomongian;;maomonger;;;;;;;;;;;x
c_mayi;Mayi;Mayi;Mayi;;Mayi;;;;;;;;;x
c_mayi_adj;Maian;;maer;;;;;;;;;;;x
c_minumchi;Minumchi;Minumchi;Minumchi;;Minumchi;;;;;;;;;x
c_minumchi_adj;Minumchian;;minumcher;;;;;;;;;;;x
c_morusego;Morusego;Morusego;Morusego;;Morusego;;;;;;;;;x
c_morusego_adj;Morusegian;;moruseger;;;;;;;;;;;x
c_muang;Muang;Muang;Muang;;Muang;;;;;;;;;x
c_muang_adj;Muangian;;muanger;;;;;;;;;;;x
c_nokani;Nokani;Nokani;Nokani;;Nokani;;;;;;;;;x
c_nokani_adj;Nokanian;;nokaner;;;;;;;;;;;x
c_nurung;Nurung;Nurung;Nurung;;Nurung;;;;;;;;;x
c_nurung_adj;Nurungian;;nurunger;;;;;;;;;;;x
c_odori;Odori;Odori;Odori;;Odori;;;;;;;;;x
c_odori_adj;Odorian;;odorer;;;;;;;;;;;x
c_okara;Okara;Okara;Okara;;Okara;;;;;;;;;x
c_okara_adj;Okaran;;okarer;;;;;;;;;;;x
c_omoni;Omoni;Omoni;Omoni;;Omoni;;;;;;;;;x
c_omoni_adj;Omonian;;omoner;;;;;;;;;;;x
c_orang;Orang;Orang;Orang;;Orang;;;;;;;;;x
c_orang_adj;Orangian;;oranger;;;;;;;;;;;x
c_pagaung;Pagaung;Pagaung;Pagaung;;Pagaung;;;;;;;;;x
c_pagaung_adj;Pagaungian;;pagaunger;;;;;;;;;;;x
c_paiwei;Paiwei;Paiwei;Paiwei;;Paiwei;;;;;;;;;x
c_paiwei_adj;Paiwian;;paiwer;;;;;;;;;;;x
c_porapa;Porapa;Porapa;Porapa;;Porapa;;;;;;;;;x
c_porapa_adj;Porapan;;poraper;;;;;;;;;;;x
c_port_town;Port Town;Port Town;Port Town;;Port Town;;;;;;;;;x
c_port_town_adj;Port Townian;;Port Towner;;;;;;;;;;;x
c_purajoho;Purajoho;Purajoho;Purajoho;;Purajoho;;;;;;;;;x
c_purajoho_adj;Purajohian;;purajoher;;;;;;;;;;;x
c_putao;Putao;Putao;Putao;;Putao;;;;;;;;;x
c_putao_adj;Putian;;puter;;;;;;;;;;;x
c_puyeo;Puyeo;Puyeo;Puyeo;;Puyeo;;;;;;;;;x
c_puyeo_adj;Puian;;puer;;;;;;;;;;;x
c_quruman;Quruman;Quruman;Quruman;;Quruman;;;;;;;;;x
c_quruman_adj;Qurumanian;;qurumaner;;;;;;;;;;;x
c_rakai;Rakai;Rakai;Rakai;;Rakai;;;;;;;;;x
c_rakai_adj;Rakian;;raker;;;;;;;;;;;x
c_reeson;Reeson;Reeson;Reeson;;Reeson;;;;;;;;;x
c_reeson_adj;Reesonian;;reesoner;;;;;;;;;;;x
c_sajidao;Sajidao;Sajidao;Sajidao;;Sajidao;;;;;;;;;x
c_sajidao_adj;Sajidian;;sajider;;;;;;;;;;;x
c_sakado;Sakado;Sakado;Sakado;;Sakado;;;;;;;;;x
c_sakado_adj;Sakadian;;sakader;;;;;;;;;;;x
c_sanbu;Sanbu;Sanbu;Sanbu;;Sanbu;;;;;;;;;x
c_sanbu_adj;Sanbian;;sanber;;;;;;;;;;;x
c_sang;Sang;Sang;Sang;;Sang;;;;;;;;;x
c_sang_adj;Sangian;;sanger;;;;;;;;;;;x
c_sapango;Sapango;Sapango;Sapango;;Sapango;;;;;;;;;x
c_sapango_adj;Sapangian;;sapanger;;;;;;;;;;;x
c_seludong;Seludong;Seludong;Seludong;;Seludong;;;;;;;;;x
c_seludong_adj;Seludongian;;seludonger;;;;;;;;;;;x
c_seoran;Seoran;Seoran;Seoran;;Seoran;;;;;;;;;x
c_seoran_adj;Seoranian;;seoraner;;;;;;;;;;;x
c_seroa;Seroa;Seroa;Seroa;;Seroa;;;;;;;;;x
c_seroa_adj;Seroan;;serer;;;;;;;;;;;x
c_shamen;Shamen;Shamen;Shamen;;Shamen;;;;;;;;;x
c_shamen_adj;Shamenian;;shamener;;;;;;;;;;;x
c_shenma;Shenma;Shenma;Shenma;;Shenma;;;;;;;;;x
c_shenma_adj;Shenman;;shenmer;;;;;;;;;;;x
c_shire;Shire;Shire;Shire;;Shire;;;;;;;;;x
c_shire_adj;Shirean;;shirer;;;;;;;;;;;x
c_shisan;Shisan;Shisan;Shisan;;Shisan;;;;;;;;;x
c_shisan_adj;Shisanian;;shisaner;;;;;;;;;;;x
c_shutoy;Shutoy;Shutoy;Shutoy;;Shutoy;;;;;;;;;x
c_shutoy_adj;Shutoian;;shutoer;;;;;;;;;;;x
c_siayasi;Siayasi;Siayasi;Siayasi;;Siayasi;;;;;;;;;x
c_siayasi_adj;Siayasian;;siayaser;;;;;;;;;;;x
c_simang;Simang;Simang;Simang;;Simang;;;;;;;;;x
c_simang_adj;Simangian;;simanger;;;;;;;;;;;x
c_sing;Sing;Sing;Sing;;Sing;;;;;;;;;x
c_sing_adj;Singian;;singer;;;;;;;;;;;x
c_sinwei;Sinwei;Sinwei;Sinwei;;Sinwei;;;;;;;;;x
c_sinwei_adj;Sinwian;;sinwer;;;;;;;;;;;x
c_sisashan;Sisashan;Sisashan;Sisashan;;Sisashan;;;;;;;;;x
c_sisashan_adj;Sisashanian;;sisashaner;;;;;;;;;;;x
c_step_island;Step Island;Step Island;Step Island;;Step Island;;;;;;;;;x
c_step_island_adj;Step Islandian;;Step Islander;;;;;;;;;;;x
c_suangma;Suangma;Suangma;Suangma;;Suangma;;;;;;;;;x
c_suangma_adj;Suangman;;suangmer;;;;;;;;;;;x
c_sukang;Sukang;Sukang;Sukang;;Sukang;;;;;;;;;x
c_sukang_adj;Sukangian;;sukanger;;;;;;;;;;;x
c_suliming;Suliming;Suliming;Suliming;;Suliming;;;;;;;;;x
c_suliming_adj;Sulimingian;;suliminger;;;;;;;;;;;x
c_sumbala;Sumbala;Sumbala;Sumbala;;Sumbala;;;;;;;;;x
c_sumbala_adj;Sumbalan;;sumbaler;;;;;;;;;;;x
c_sunshine_seashore;Sunshine Seashore;Sunshine Seashore;Sunshine Seashore;;Sunshine Seashore;;;;;;;;;x
c_sunshine_seashore_adj;Sunshine Seashorean;;Sunshine Seashorer;;;;;;;;;;;x
c_tal_tal_heights;Tal Tal Heights;Tal Tal Heights;Tal Tal Heights;;Tal Tal Heights;;;;;;;;;x
c_tal_tal_heights_adj;Tal Tal Heightsian;;Tal Tal Heightser;;;;;;;;;;;x
c_tal_tal_mountains;Tal Tal Mountains;Tal Tal Mountains;Tal Tal Mountains;;Tal Tal Mountains;;;;;;;;;x
c_tal_tal_mountains_adj;Tal Tal Mountainsian;;Tal Tal Mountainser;;;;;;;;;;;x
c_tangra;Tangra;Tangra;Tangra;;Tangra;;;;;;;;;x
c_tangra_adj;Tangran;;tangrer;;;;;;;;;;;x
c_thao;Thao;Thao;Thao;;Thao;;;;;;;;;x
c_thao_adj;Thian;;ther;;;;;;;;;;;x
c_tingle_island;Tingle Island;Tingle Island;Tingle Island;;Tingle Island;;;;;;;;;x
c_tingle_island_adj;Tingle Islandian;;Tingle Islander;;;;;;;;;;;x
c_toronbo;Toronbo;Toronbo;Toronbo;;Toronbo;;;;;;;;;x
c_toronbo_adj;Toronbian;;toronber;;;;;;;;;;;x
c_torugol;Torugol;Torugol;Torugol;;Torugol;;;;;;;;;x
c_torugol_adj;Torugolian;;torugoler;;;;;;;;;;;x
c_tundok;Tundok;Tundok;Tundok;;Tundok;;;;;;;;;x
c_tundok_adj;Tundokian;;tundoker;;;;;;;;;;;x
c_tuong;Tuong;Tuong;Tuong;;Tuong;;;;;;;;;x
c_tuong_adj;Tuongian;;tuonger;;;;;;;;;;;x
c_tykogi;Tykogi;Tykogi;Tykogi;;Tykogi;;;;;;;;;x
c_tykogi_adj;Tykogian;;tykoger;;;;;;;;;;;x
c_ukuku;Ukuku;Ukuku;Ukuku;;Ukuku;;;;;;;;;x
c_ukuku_adj;Ukukian;;ukuker;;;;;;;;;;;x
c_viang;Viang;Viang;Viang;;Viang;;;;;;;;;x
c_viang_adj;Viangian;;vianger;;;;;;;;;;;x
c_xang;Xang;Xang;Xang;;Xang;;;;;;;;;x
c_xang_adj;Xangian;;xanger;;;;;;;;;;;x
c_xinang;Xinang;Xinang;Xinang;;Xinang;;;;;;;;;x
c_xinang_adj;Xinangian;;xinanger;;;;;;;;;;;x
c_yami;Yami;Yami;Yami;;Yami;;;;;;;;;x
c_yami_adj;Yamian;;yamer;;;;;;;;;;;x
c_yarna;Yarna;Yarna;Yarna;;Yarna;;;;;;;;;x
c_yarna_adj;Yarnan;;yarner;;;;;;;;;;;x
c_yezima;Yezima;Yezima;Yezima;;Yezima;;;;;;;;;x
c_yezima_adj;Yeziman;;yezimer;;;;;;;;;;;x
c_yitara;Yitara;Yitara;Yitara;;Yitara;;;;;;;;;x
c_yitara_adj;Yitaran;;yitarer;;;;;;;;;;;x
c_andor;Andor;Andor;Andor;;Andor;;;;;;;;;x
c_andor_adj;Andorian;;andorer;;;;;;;;;;;x
c_armarob;Armarob;Armarob;Armarob;;Armarob;;;;;;;;;x
c_armarob_adj;Armarobian;;armarober;;;;;;;;;;;x
c_canvula;Canvula;Canvula;Canvula;;Canvula;;;;;;;;;x
c_canvula_adj;Canvulan;;canvuler;;;;;;;;;;;x
c_ensilon;Ensilon;Ensilon;Ensilon;;Ensilon;;;;;;;;;x
c_ensilon_adj;Ensilonian;;ensiloner;;;;;;;;;;;x
c_findo;Findo;Findo;Findo;;Findo;;;;;;;;;x
c_findo_adj;Findian;;finder;;;;;;;;;;;x
c_glonna;Glonna;Glonna;Glonna;;Glonna;;;;;;;;;x
c_glonna_adj;Glonnan;;glonner;;;;;;;;;;;x
c_hobel;Hobel;Hobel;Hobel;;Hobel;;;;;;;;;x
c_hobel_adj;Hobelian;;hobeler;;;;;;;;;;;x
c_larrocthest;Larrocthest;Larrocthest;Larrocthest;;Larrocthest;;;;;;;;;x
c_larrocthest_adj;Larrocthestian;;larrocthester;;;;;;;;;;;x
c_legatnit;Legatnit;Legatnit;Legatnit;;Legatnit;;;;;;;;;x
c_legatnit_adj;Legatnitian;;legatniter;;;;;;;;;;;x
c_noelreac;Noelreac;Noelreac;Noelreac;;Noelreac;;;;;;;;;x
c_noelreac_adj;Noelreacian;;noelreacer;;;;;;;;;;;x
c_nolava;Nolava;Nolava;Nolava;;Nolava;;;;;;;;;x
c_nolava_adj;Nolavan;;nolaver;;;;;;;;;;;x
c_north_subasha;North Subasha;North Subasha;North Subasha;;North Subasha;;;;;;;;;x
c_north_subasha_adj;North Subashan;;North Subasher;;;;;;;;;;;x
c_ogbam;Ogbam;Ogbam;Ogbam;;Ogbam;;;;;;;;;x
c_ogbam_adj;Ogbamian;;ogbamer;;;;;;;;;;;x
c_sea_island;Sea Island;Sea Island;Sea Island;;Sea Island;;;;;;;;;x
c_sea_island_adj;Sea Islandian;;Sea Islander;;;;;;;;;;;x
c_seacoast_plain;Seacoast Plain;Seacoast Plain;Seacoast Plain;;Seacoast Plain;;;;;;;;;x
c_seacoast_plain_adj;Seacoast Plainian;;Seacoast Plainer;;;;;;;;;;;x
c_skotness;Skotness;Skotness;Skotness;;Skotness;;;;;;;;;x
c_skotness_adj;Skotnessian;;skotnesser;;;;;;;;;;;x
c_south_subasha;South Subasha;South Subasha;South Subasha;;South Subasha;;;;;;;;;x
c_south_subasha_adj;South Subashan;;South Subasher;;;;;;;;;;;x
c_talotsa;Talotsa;Talotsa;Talotsa;;Talotsa;;;;;;;;;x
c_talotsa_adj;Talotsan;;talotser;;;;;;;;;;;x
c_tolemac;Tolemac;Tolemac;Tolemac;;Tolemac;;;;;;;;;x
c_tolemac_adj;Tolemacian;;tolemacer;;;;;;;;;;;x
c_torian;Torian;Torian;Torian;;Torian;;;;;;;;;x
c_torian_adj;Torianian;;torianer;;;;;;;;;;;x
c_triplet_coast;Triplet Coast;Triplet Coast;Triplet Coast;;Triplet Coast;;;;;;;;;x
c_triplet_coast_adj;Triplet Coastian;;Triplet Coaster;;;;;;;;;;;x
c_ubato;Ubato;Ubato;Ubato;;Ubato;;;;;;;;;x
c_ubato_adj;Ubatian;;ubater;;;;;;;;;;;x
c_vendoss;Vendoss;Vendoss;Vendoss;;Vendoss;;;;;;;;;x
c_vendoss_adj;Vendossian;;vendosser;;;;;;;;;;;x
c_acacesia;Acacesia;Acacesia;Acacesia;;Acacesia;;;;;;;;;x
c_acacesia_adj;Acacesian;;acaceser;;;;;;;;;;;x
c_achenia;Achenia;Achenia;Achenia;;Achenia;;;;;;;;;x
c_achenia_adj;Achenian;;achener;;;;;;;;;;;x
c_aegidia;Aegidia;Aegidia;Aegidia;;Aegidia;;;;;;;;;x
c_aegidia_adj;Aegidian;;aegider;;;;;;;;;;;x
c_agamemnia;Agamemnia;Agamemnia;Agamemnia;;Agamemnia;;;;;;;;;x
c_agamemnia_adj;Agamemnian;;agamemner;;;;;;;;;;;x
c_arcadia;Arcadia;Arcadia;Arcadia;;Arcadia;;;;;;;;;x
c_arcadia_adj;Arcadian;;arcader;;;;;;;;;;;x
c_ardennia;Ardennia;Ardennia;Ardennia;;Ardennia;;;;;;;;;x
c_ardennia_adj;Ardennian;;ardenner;;;;;;;;;;;x
c_argolia;Argolia;Argolia;Argolia;;Argolia;;;;;;;;;x
c_argolia_adj;Argolian;;argoler;;;;;;;;;;;x
c_aroania;Aroania;Aroania;Aroania;;Aroania;;;;;;;;;x
c_aroania_adj;Aroanian;;aroaner;;;;;;;;;;;x
c_batteria;Batteria;Batteria;Batteria;;Batteria;;;;;;;;;x
c_batteria_adj;Batterian;;batterer;;;;;;;;;;;x
c_capetia;Capetia;Capetia;Capetia;;Capetia;;;;;;;;;x
c_capetia_adj;Capetian;;capeter;;;;;;;;;;;x
c_clovia;Clovia;Clovia;Clovia;;Clovia;;;;;;;;;x
c_clovia_adj;Clovian;;clover;;;;;;;;;;;x
c_curtania;Curtania;Curtania;Curtania;;Curtania;;;;;;;;;x
c_curtania_adj;Curtanian;;curtaner;;;;;;;;;;;x
c_daigonia;Daigonia;Daigonia;Daigonia;;Daigonia;;;;;;;;;x
c_daigonia_adj;Daigonian;;daigoner;;;;;;;;;;;x
c_doricia;Doricia;Doricia;Doricia;;Doricia;;;;;;;;;x
c_doricia_adj;Dorician;;doricer;;;;;;;;;;;x
c_durendalia;Durendalia;Durendalia;Durendalia;;Durendalia;;;;;;;;;x
c_durendalia_adj;Durendalian;;durendaler;;;;;;;;;;;x
c_facadia;Facadia;Facadia;Facadia;;Facadia;;;;;;;;;x
c_facadia_adj;Facadian;;facader;;;;;;;;;;;x
c_hippodria;Hippodria;Hippodria;Hippodria;;Hippodria;;;;;;;;;x
c_hippodria_adj;Hippodrian;;hippodrer;;;;;;;;;;;x
c_joyeusia;Joyeusia;Joyeusia;Joyeusia;;Joyeusia;;;;;;;;;x
c_joyeusia_adj;Joyeusian;;joyeuser;;;;;;;;;;;x
c_ladonia;Ladonia;Ladonia;Ladonia;;Ladonia;;;;;;;;;x
c_ladonia_adj;Ladonian;;ladoner;;;;;;;;;;;x
c_louia;Louia;Louia;Louia;;Louia;;;;;;;;;x
c_louia_adj;Louian;;ler;;;;;;;;;;;x
c_lykaia;Lykaia;Lykaia;Lykaia;;Lykaia;;;;;;;;;x
c_lykaia_adj;Lykaian;;lyker;;;;;;;;;;;x
c_lyonia;Lyonia;Lyonia;Lyonia;;Lyonia;;;;;;;;;x
c_lyonia_adj;Lyonian;;lyoner;;;;;;;;;;;x
c_marcania;Marcania;Marcania;Marcania;;Marcania;;;;;;;;;x
c_marcania_adj;Marcanian;;marcaner;;;;;;;;;;;x
c_megaria;Megaria;Megaria;Megaria;;Megaria;;;;;;;;;x
c_megaria_adj;Megarian;;megarer;;;;;;;;;;;x
c_merovia;Merovia;Merovia;Merovia;;Merovia;;;;;;;;;x
c_merovia_adj;Merovian;;merover;;;;;;;;;;;x
c_odyssia;Odyssia;Odyssia;Odyssia;;Odyssia;;;;;;;;;x
c_odyssia_adj;Odyssian;;odysser;;;;;;;;;;;x
c_parnonia;Parnonia;Parnonia;Parnonia;;Parnonia;;;;;;;;;x
c_parnonia_adj;Parnonian;;parnoner;;;;;;;;;;;x
c_pausania;Pausania;Pausania;Pausania;;Pausania;;;;;;;;;x
c_pausania_adj;Pausanian;;pausaner;;;;;;;;;;;x
c_peloponnia;Peloponnia;Peloponnia;Peloponnia;;Peloponnia;;;;;;;;;x
c_peloponnia_adj;Peloponnian;;peloponner;;;;;;;;;;;x
c_polia;Polia;Polia;Polia;;Polia;;;;;;;;;x
c_polia_adj;Polian;;poler;;;;;;;;;;;x
c_rolandia;Rolandia;Rolandia;Rolandia;;Rolandia;;;;;;;;;x
c_rolandia_adj;Rolandian;;rolander;;;;;;;;;;;x
c_silvania;Silvania;Silvania;Silvania;;Silvania;;;;;;;;;x
c_silvania_adj;Silvanian;;silvaner;;;;;;;;;;;x
c_stoicia;Stoicia;Stoicia;Stoicia;;Stoicia;;;;;;;;;x
c_stoicia_adj;Stoician;;stoicer;;;;;;;;;;;x
c_syagria;Syagria;Syagria;Syagria;;Syagria;;;;;;;;;x
c_syagria_adj;Syagrian;;syagrer;;;;;;;;;;;x
c_tegia;Tegia;Tegia;Tegia;;Tegia;;;;;;;;;x
c_tegia_adj;Tegian;;teger;;;;;;;;;;;x
c_tyria;Tyria;Tyria;Tyria;;Tyria;;;;;;;;;x
c_tyria_adj;Tyrian;;tyrer;;;;;;;;;;;x
c_valoia;Valoia;Valoia;Valoia;;Valoia;;;;;;;;;x
c_valoia_adj;Valoian;;valer;;;;;;;;;;;x
c_wosuia;Wosuia;Wosuia;Wosuia;;Wosuia;;;;;;;;;x
c_wosuia_adj;Wosuian;;woser;;;;;;;;;;;x
c_xenonia;Xenonia;Xenonia;Xenonia;;Xenonia;;;;;;;;;x
c_xenonia_adj;Xenonian;;xenoner;;;;;;;;;;;x
c_ape_forest;Ape forest;Ape forest;Ape forest;;Ape forest;;;;;;;;;x
c_ape_forest_adj;Ape forestian;;Ape forester;;;;;;;;;;;x
c_black_tower;Black Tower;Black Tower;Black Tower;;Black Tower;;;;;;;;;x
c_black_tower_adj;Black Towerian;;Black Towerer;;;;;;;;;;;x
c_cart_mines;Cart mines;Cart mines;Cart mines;;Cart mines;;;;;;;;;x
c_cart_mines_adj;Cart minesian;;Cart mineser;;;;;;;;;;;x
c_central_cresent_island;Central Cresent Island;Central Cresent Island;Central Cresent Island;;Central Cresent Island;;;;;;;;;x
c_central_cresent_island_adj;Central Cresent Islandian;;Central Cresent Islander;;;;;;;;;;;x
c_crown_caverns;Crown Caverns;Crown Caverns;Crown Caverns;;Crown Caverns;;;;;;;;;x
c_crown_caverns_adj;Crown Cavernsian;;Crown Cavernser;;;;;;;;;;;x
c_cucco_vale;Cucco Vale;Cucco Vale;Cucco Vale;;Cucco Vale;;;;;;;;;x
c_cucco_vale_adj;Cucco Valean;;Cucco Valer;;;;;;;;;;;x
c_deku_grove;Deku Grove;Deku Grove;Deku Grove;;Deku Grove;;;;;;;;;x
c_deku_grove_adj;Deku Grovean;;Deku Grover;;;;;;;;;;;x
c_east_horon;East Horon;East Horon;East Horon;;East Horon;;;;;;;;;x
c_east_horon_adj;East Horonian;;East Horoner;;;;;;;;;;;x
c_east_samasa;East Samasa;East Samasa;East Samasa;;East Samasa;;;;;;;;;x
c_east_samasa_adj;East Samasan;;East Samaser;;;;;;;;;;;x
c_eyeglass_island;Eyeglass Island;Eyeglass Island;Eyeglass Island;;Eyeglass Island;;;;;;;;;x
c_eyeglass_island_adj;Eyeglass Islandian;;Eyeglass Islander;;;;;;;;;;;x
c_fairy_island;Fairy Island;Fairy Island;Fairy Island;;Fairy Island;;;;;;;;;x
c_fairy_island_adj;Fairy Islandian;;Fairy Islander;;;;;;;;;;;x
c_fairy_woods;Fairy Woods;Fairy Woods;Fairy Woods;;Fairy Woods;;;;;;;;;x
c_fairy_woods_adj;Fairy Woodsian;;Fairy Woodser;;;;;;;;;;;x
c_forest_of_time;Forest of Time;Forest of Time;Forest of Time;;Forest of Time;;;;;;;;;x
c_forest_of_time_adj;Forest of Timean;;Forest of Timer;;;;;;;;;;;x
c_fungus_woods;Fungus Woods;Fungus Woods;Fungus Woods;;Fungus Woods;;;;;;;;;x
c_fungus_woods_adj;Fungus Woodsian;;Fungus Woodser;;;;;;;;;;;x
c_gale_island;Gale Island;Gale Island;Gale Island;;Gale Island;;;;;;;;;x
c_gale_island_adj;Gale Islandian;;Gale Islander;;;;;;;;;;;x
c_gasha_woods;Gasha Woods;Gasha Woods;Gasha Woods;;Gasha Woods;;;;;;;;;x
c_gasha_woods_adj;Gasha Woodsian;;Gasha Woodser;;;;;;;;;;;x
c_gates_of_subrosia;Gates of Subrosia;Gates of Subrosia;Gates of Subrosia;;Gates of Subrosia;;;;;;;;;x
c_gates_of_subrosia_adj;Gates of Subrosian;;Gates of Subroser;;;;;;;;;;;x
c_geozard_bay;Geozard Bay;Geozard Bay;Geozard Bay;;Geozard Bay;;;;;;;;;x
c_geozard_bay_adj;Geozard Baian;;Geozard Baer;;;;;;;;;;;x
c_gnarled_root_island;Gnarled Root island;Gnarled Root island;Gnarled Root island;;Gnarled Root island;;;;;;;;;x
c_gnarled_root_island_adj;Gnarled Root islandian;;Gnarled Root islander;;;;;;;;;;;x
c_goron_mountain;Goron Mountain;Goron Mountain;Goron Mountain;;Goron Mountain;;;;;;;;;x
c_goron_mountain_adj;Goron Mountainian;;Goron Mountainer;;;;;;;;;;;x
c_grotto_island;Grotto Island;Grotto Island;Grotto Island;;Grotto Island;;;;;;;;;x
c_grotto_island_adj;Grotto Islandian;;Grotto Islander;;;;;;;;;;;x
c_holly_woods;Holly Woods;Holly Woods;Holly Woods;;Holly Woods;;;;;;;;;x
c_holly_woods_adj;Holly Woodsian;;Holly Woodser;;;;;;;;;;;x
c_holodrum;Holodrum;Holodrum;Holodrum;;Holodrum;;;;;;;;;x
c_holodrum_adj;Holodrumian;;holodrumer;;;;;;;;;;;x
c_holodrum_docks;Holodrum Docks;Holodrum Docks;Holodrum Docks;;Holodrum Docks;;;;;;;;;x
c_holodrum_docks_adj;Holodrum Docksian;;Holodrum Dockser;;;;;;;;;;;x
c_holodrum_plain;Holodrum Plain;Holodrum Plain;Holodrum Plain;;Holodrum Plain;;;;;;;;;x
c_holodrum_plain_adj;Holodrum Plainian;;Holodrum Plainer;;;;;;;;;;;x
c_horon;Horon;Horon;Horon;;Horon;;;;;;;;;x
c_horon_adj;Horonian;;horoner;;;;;;;;;;;x
c_horon_field;Horon Field;Horon Field;Horon Field;;Horon Field;;;;;;;;;x
c_horon_field_adj;Horon Fieldian;;Horon Fielder;;;;;;;;;;;x
c_jungle_city;Jungle City;Jungle City;Jungle City;;Jungle City;;;;;;;;;x
c_jungle_city_adj;Jungle Citian;;Jungle Citer;;;;;;;;;;;x
c_jungle_of_happiness;Jungle of Happiness;Jungle of Happiness;Jungle of Happiness;;Jungle of Happiness;;;;;;;;;x
c_jungle_of_happiness_adj;Jungle of Happinessian;;Jungle of Happinesser;;;;;;;;;;;x
c_labrynna_palace;Labrynna Palace;Labrynna Palace;Labrynna Palace;;Labrynna Palace;;;;;;;;;x
c_labrynna_palace_adj;Labrynna Palacean;;Labrynna Palacer;;;;;;;;;;;x
c_lynna;Lynna;Lynna;Lynna;;Lynna;;;;;;;;;x
c_lynna_adj;Lynnan;;lynner;;;;;;;;;;;x
c_maku_grove;Maku Grove;Maku Grove;Maku Grove;;Maku Grove;;;;;;;;;x
c_maku_grove_adj;Maku Grovean;;Maku Grover;;;;;;;;;;;x
c_maku_woods;Maku Woods;Maku Woods;Maku Woods;;Maku Woods;;;;;;;;;x
c_maku_woods_adj;Maku Woodsian;;Maku Woodser;;;;;;;;;;;x
c_mermaids_cave;Mermaid's Cave;Mermaid's Cave;Mermaid's Cave;;Mermaid's Cave;;;;;;;;;x
c_mermaids_cave_adj;Mermaids Cavean;;Mermaid's Caver;;;;;;;;;;;x
c_moblin_keep;Moblin Keep;Moblin Keep;Moblin Keep;;Moblin Keep;;;;;;;;;x
c_moblin_keep_adj;Moblin Keepian;;Moblin Keeper;;;;;;;;;;;x
c_moblin_tower;Moblin Tower;Moblin Tower;Moblin Tower;;Moblin Tower;;;;;;;;;x
c_moblin_tower_adj;Moblin Towerian;;Moblin Towerer;;;;;;;;;;;x
c_moldorm_island;Moldorm Island;Moldorm Island;Moldorm Island;;Moldorm Island;;;;;;;;;x
c_moldorm_island_adj;Moldorm Islandian;;Moldorm Islander;;;;;;;;;;;x
c_moonlight_island;Moonlight Island;Moonlight Island;Moonlight Island;;Moonlight Island;;;;;;;;;x
c_moonlight_island_adj;Moonlight Islandian;;Moonlight Islander;;;;;;;;;;;x
c_mount_cucco;Mount Cucco;Mount Cucco;Mount Cucco;;Mount Cucco;;;;;;;;;x
c_mount_cucco_adj;Mount Cuccian;;Mount Cuccer;;;;;;;;;;;x
c_mystery_woods;Mystery Woods;Mystery Woods;Mystery Woods;;Mystery Woods;;;;;;;;;x
c_mystery_woods_adj;Mystery Woodsian;;Mystery Woodser;;;;;;;;;;;x
c_natzu;Natzu;Natzu;Natzu;;Natzu;;;;;;;;;x
c_natzu_adj;Natzian;;natzer;;;;;;;;;;;x
c_north_crescent_island;North Crescent Island;North Crescent Island;North Crescent Island;;North Crescent Island;;;;;;;;;x
c_north_crescent_island_adj;North Crescent Islandian;;North Crescent Islander;;;;;;;;;;;x
c_north_horon;North Horon;North Horon;North Horon;;North Horon;;;;;;;;;x
c_north_horon_adj;North Horonian;;North Horoner;;;;;;;;;;;x
c_northern_peak;Northern Peak;Northern Peak;Northern Peak;;Northern Peak;;;;;;;;;x
c_northern_peak_adj;Northern Peakian;;Northern Peaker;;;;;;;;;;;x
c_nuun;Nuun;Nuun;Nuun;;Nuun;;;;;;;;;x
c_nuun_adj;Nuunian;;nuuner;;;;;;;;;;;x
c_nuun_highlands;Nuun Highlands;Nuun Highlands;Nuun Highlands;;Nuun Highlands;;;;;;;;;x
c_nuun_highlands_adj;Nuun Highlandsian;;Nuun Highlandser;;;;;;;;;;;x
c_nuun_mountains;Nuun Mountains;Nuun Mountains;Nuun Mountains;;Nuun Mountains;;;;;;;;;x
c_nuun_mountains_adj;Nuun Mountainsian;;Nuun Mountainser;;;;;;;;;;;x
c_ore_mines;Ore Mines;Ore Mines;Ore Mines;;Ore Mines;;;;;;;;;x
c_ore_mines_adj;Ore Minesian;;Ore Mineser;;;;;;;;;;;x
c_palm_island;Palm Island;Palm Island;Palm Island;;Palm Island;;;;;;;;;x
c_palm_island_adj;Palm Islandian;;Palm Islander;;;;;;;;;;;x
c_pirate_island;Pirate Island;Pirate Island;Pirate Island;;Pirate Island;;;;;;;;;x
c_pirate_island_adj;Pirate Islandian;;Pirate Islander;;;;;;;;;;;x
c_poevale;Poevale;Poevale;Poevale;;Poevale;;;;;;;;;x
c_poevale_adj;Poevalean;;poevaler;;;;;;;;;;;x
c_pokey_plateau;Pokey Plateau;Pokey Plateau;Pokey Plateau;;Pokey Plateau;;;;;;;;;x
c_pokey_plateau_adj;Pokey Platian;;Pokey Plater;;;;;;;;;;;x
c_pupil_islands;Pupil Islands;Pupil Islands;Pupil Islands;;Pupil Islands;;;;;;;;;x
c_pupil_islands_adj;Pupil Islandsian;;Pupil Islandser;;;;;;;;;;;x
c_restoration_peak;Restoration Peak;Restoration Peak;Restoration Peak;;Restoration Peak;;;;;;;;;x
c_restoration_peak_adj;Restoration Peakian;;Restoration Peaker;;;;;;;;;;;x
c_river_island;River Island;River Island;River Island;;River Island;;;;;;;;;x
c_river_island_adj;River Islandian;;River Islander;;;;;;;;;;;x
c_rolling_ridge;Rolling Ridge;Rolling Ridge;Rolling Ridge;;Rolling Ridge;;;;;;;;;x
c_rolling_ridge_adj;Rolling Ridgean;;Rolling Ridger;;;;;;;;;;;x
c_samasa;Samasa;Samasa;Samasa;;Samasa;;;;;;;;;x
c_samasa_adj;Samasan;;samaser;;;;;;;;;;;x
c_samasa_gate;Samasa Gate;Samasa Gate;Samasa Gate;;Samasa Gate;;;;;;;;;x
c_samasa_gate_adj;Samasa Gatean;;Samasa Gater;;;;;;;;;;;x
c_samasa_oasis;Samasa Oasis;Samasa Oasis;Samasa Oasis;;Samasa Oasis;;;;;;;;;x
c_samasa_oasis_adj;Samasa Oasisian;;Samasa Oasiser;;;;;;;;;;;x
c_samasa_pyramids;Samasa Pyramids;Samasa Pyramids;Samasa Pyramids;;Samasa Pyramids;;;;;;;;;x
c_samasa_pyramids_adj;Samasa Pyramidsian;;Samasa Pyramidser;;;;;;;;;;;x
c_samasa_shores;Samasa Shores;Samasa Shores;Samasa Shores;;Samasa Shores;;;;;;;;;x
c_samasa_shores_adj;Samasa Shoresian;;Samasa Shoreser;;;;;;;;;;;x
c_sand_island;Sand Island;Sand Island;Sand Island;;Sand Island;;;;;;;;;x
c_sand_island_adj;Sand Islandian;;Sand Islander;;;;;;;;;;;x
c_sea_of_no_reaturn;Sea of No Reaturn;Sea of No Reaturn;Sea of No Reaturn;;Sea of No Reaturn;;;;;;;;;x
c_sea_of_no_reaturn_adj;Sea of No Reaturnian;;Sea of No Reaturner;;;;;;;;;;;x
c_shipwreck_beach;Shipwreck Beach;Shipwreck Beach;Shipwreck Beach;;Shipwreck Beach;;;;;;;;;x
c_shipwreck_beach_adj;Shipwreck Beachian;;Shipwreck Beacher;;;;;;;;;;;x
c_skull_mountains;Skull Mountains;Skull Mountains;Skull Mountains;;Skull Mountains;;;;;;;;;x
c_skull_mountains_adj;Skull Mountainsian;;Skull Mountainser;;;;;;;;;;;x
c_snake_woods;Snake Woods;Snake Woods;Snake Woods;;Snake Woods;;;;;;;;;x
c_snake_woods_adj;Snake Woodsian;;Snake Woodser;;;;;;;;;;;x
c_south_crescent_island;South Crescent Island;South Crescent Island;South Crescent Island;;South Crescent Island;;;;;;;;;x
c_south_crescent_island_adj;South Crescent Islandian;;South Crescent Islander;;;;;;;;;;;x
c_south_lynna;South Lynna;South Lynna;South Lynna;;South Lynna;;;;;;;;;x
c_south_lynna_adj;South Lynnan;;South Lynner;;;;;;;;;;;x
c_south_shore;South Shore;South Shore;South Shore;;South Shore;;;;;;;;;x
c_south_shore_adj;South Shorean;;South Shorer;;;;;;;;;;;x
c_spirit_coast;Spirit Coast;Spirit Coast;Spirit Coast;;Spirit Coast;;;;;;;;;x
c_spirit_coast_adj;Spirit Coastian;;Spirit Coaster;;;;;;;;;;;x
c_spool_fields;Spool Fields;Spool Fields;Spool Fields;;Spool Fields;;;;;;;;;x
c_spool_fields_adj;Spool Fieldsian;;Spool Fieldser;;;;;;;;;;;x
c_spool_swamp;Spool Swamp;Spool Swamp;Spool Swamp;;Spool Swamp;;;;;;;;;x
c_spool_swamp_adj;Spool Swampian;;Spool Swamper;;;;;;;;;;;x
c_storm_island;Storm Island;Storm Island;Storm Island;;Storm Island;;;;;;;;;x
c_storm_island_adj;Storm Islandian;;Storm Islander;;;;;;;;;;;x
c_symmetry;Symmetry;Symmetry;Symmetry;;Symmetry;;;;;;;;;x
c_symmetry_adj;Symmetrian;;symmetrer;;;;;;;;;;;x
c_talus_peaks;Talus Peaks;Talus Peaks;Talus Peaks;;Talus Peaks;;;;;;;;;x
c_talus_peaks_adj;Talus Peaksian;;Talus Peakser;;;;;;;;;;;x
c_talus_ridge;Talus Ridge;Talus Ridge;Talus Ridge;;Talus Ridge;;;;;;;;;x
c_talus_ridge_adj;Talus Ridgean;;Talus Ridger;;;;;;;;;;;x
c_tarm;Tarm;Tarm;Tarm;;Tarm;;;;;;;;;x
c_tarm_adj;Tarmian;;tarmer;;;;;;;;;;;x
c_tarm_field;Tarm Field;Tarm Field;Tarm Field;;Tarm Field;;;;;;;;;x
c_tarm_field_adj;Tarm Fieldian;;Tarm Fielder;;;;;;;;;;;x
c_tarm_rainforest;Tarm Rainforest;Tarm Rainforest;Tarm Rainforest;;Tarm Rainforest;;;;;;;;;x
c_tarm_rainforest_adj;Tarm Rainforestian;;Tarm Rainforester;;;;;;;;;;;x
c_temple_mountain;Temple Mountain;Temple Mountain;Temple Mountain;;Temple Mountain;;;;;;;;;x
c_temple_mountain_adj;Temple Mountainian;;Temple Mountainer;;;;;;;;;;;x
c_tokay_island;Tokay Island;Tokay Island;Tokay Island;;Tokay Island;;;;;;;;;x
c_tokay_island_adj;Tokay Islandian;;Tokay Islander;;;;;;;;;;;x
c_tower_shore;Tower Shore;Tower Shore;Tower Shore;;Tower Shore;;;;;;;;;x
c_tower_shore_adj;Tower Shorean;;Tower Shorer;;;;;;;;;;;x
c_treasure_island;Treasure Island;Treasure Island;Treasure Island;;Treasure Island;;;;;;;;;x
c_treasure_island_adj;Treasure Islandian;;Treasure Islander;;;;;;;;;;;x
c_unicorn_field;Unicorn Field;Unicorn Field;Unicorn Field;;Unicorn Field;;;;;;;;;x
c_unicorn_field_adj;Unicorn Fieldian;;Unicorn Fielder;;;;;;;;;;;x
c_west_lynna;West Lynna;West Lynna;West Lynna;;West Lynna;;;;;;;;;x
c_west_lynna_adj;West Lynnan;;West Lynner;;;;;;;;;;;x
c_west_samasa;West Samasa;West Samasa;West Samasa;;West Samasa;;;;;;;;;x
c_west_samasa_adj;West Samasan;;West Samaser;;;;;;;;;;;x
c_western_coast;Western Coast;Western Coast;Western Coast;;Western Coast;;;;;;;;;x
c_western_coast_adj;Western Coastian;;Western Coaster;;;;;;;;;;;x
c_wing_woods;Wing Woods;Wing Woods;Wing Woods;;Wing Woods;;;;;;;;;x
c_wing_woods_adj;Wing Woodsian;;Wing Woodser;;;;;;;;;;;x
c_witchwoods;Witchwoods;Witchwoods;Witchwoods;;Witchwoods;;;;;;;;;x
c_witchwoods_adj;Witchwoodsian;;witchwoodser;;;;;;;;;;;x
c_yoll;Yoll;Yoll;Yoll;;Yoll;;;;;;;;;x
c_yoll_adj;Yollian;;yoller;;;;;;;;;;;x
c_zora_cove;Zora Cove;Zora Cove;Zora Cove;;Zora Cove;;;;;;;;;x
c_zora_cove_adj;Zora Covean;;Zora Cover;;;;;;;;;;;x
c_zora_isles;Zora Isles;Zora Isles;Zora Isles;;Zora Isles;;;;;;;;;x
c_zora_isles_adj;Zora Islesian;;Zora Isleser;;;;;;;;;;;x
c_auros;Auros;Auros;Auros;;Auros;;;;;;;;;x
c_auros_adj;Aurosian;;auroser;;;;;;;;;;;x
c_basecamp;Basecamp;Basecamp;Basecamp;;Basecamp;;;;;;;;;x
c_basecamp_adj;Basecampian;;basecamper;;;;;;;;;;;x
c_codile_cove;Codile Cove;Codile Cove;Codile Cove;;Codile Cove;;;;;;;;;x
c_codile_cove_adj;Codile Covean;;Codile Cover;;;;;;;;;;;x
c_desma;Desma;Desma;Desma;;Desma;;;;;;;;;x
c_desma_adj;Desman;;desmer;;;;;;;;;;;x
c_fairy_garden;Fairy Garden;Fairy Garden;Fairy Garden;;Fairy Garden;;;;;;;;;x
c_fairy_garden_adj;Fairy Gardenian;;Fairy Gardener;;;;;;;;;;;x
c_gooey_swamp;Gooey Swamp;Gooey Swamp;Gooey Swamp;;Gooey Swamp;;;;;;;;;x
c_gooey_swamp_adj;Gooey Swampian;;Gooey Swamper;;;;;;;;;;;x
c_hiveville;Hiveville;Hiveville;Hiveville;;Hiveville;;;;;;;;;x
c_hiveville_adj;Hivevillean;;hiveviller;;;;;;;;;;;x
c_icy_peak;Icy Peak;Icy Peak;Icy Peak;;Icy Peak;;;;;;;;;x
c_icy_peak_adj;Icy Peakian;;Icy Peaker;;;;;;;;;;;x
c_icy_plain;Icy Plain;Icy Plain;Icy Plain;;Icy Plain;;;;;;;;;x
c_icy_plain_adj;Icy Plainian;;Icy Plainer;;;;;;;;;;;x
c_insect_cavern;Insect Cavern;Insect Cavern;Insect Cavern;;Insect Cavern;;;;;;;;;x
c_insect_cavern_adj;Insect Cavernian;;Insect Caverner;;;;;;;;;;;x
c_kamonano;Kamonano;Kamonano;Kamonano;;Kamonano;;;;;;;;;x
c_kamonano_adj;Kamonanian;;kamonaner;;;;;;;;;;;x
c_snowfield;Snowfield;Snowfield;Snowfield;;Snowfield;;;;;;;;;x
c_snowfield_adj;Snowfieldian;;snowfielder;;;;;;;;;;;x
c_steamy_marsh;Steamy Marsh;Steamy Marsh;Steamy Marsh;;Steamy Marsh;;;;;;;;;x
c_steamy_marsh_adj;Steamy Marshian;;Steamy Marsher;;;;;;;;;;;x
c_yamatami;Yamatami;Yamatami;Yamatami;;Yamatami;;;;;;;;;x
c_yamatami_adj;Yamatamian;;yamatamer;;;;;;;;;;;x
c_blacksmith_fields;Blacksmith Fields;Blacksmith Fields;Blacksmith Fields;;Blacksmith Fields;;;;;;;;;x
c_blacksmith_fields_adj;Blacksmith Fieldsian;;Blacksmith Fieldser;;;;;;;;;;;x
c_cave_of_no_return;Cave of No Return;Cave of No Return;Cave of No Return;;Cave of No Return;;;;;;;;;x
c_cave_of_no_return_adj;Cave of No Returnian;;Cave of No Returner;;;;;;;;;;;x
c_cave_roads;Cave Roads;Cave Roads;Cave Roads;;Cave Roads;;;;;;;;;x
c_cave_roads_adj;Cave Roadsian;;Cave Roadser;;;;;;;;;;;x
c_cucco_ranch;Cucco Ranch;Cucco Ranch;Cucco Ranch;;Cucco Ranch;;;;;;;;;x
c_cucco_ranch_adj;Cucco Ranchian;;Cucco Rancher;;;;;;;;;;;x
c_desert_of_mystery;Desert of Mystery;Desert of Mystery;Desert of Mystery;;Desert of Mystery;;;;;;;;;x
c_desert_of_mystery_adj;Desert of Mysterian;;Desert of Mysterer;;;;;;;;;;;x
c_desert_palace;Desert Palace;Desert Palace;Desert Palace;;Desert Palace;;;;;;;;;x
c_desert_palace_adj;Desert Palacean;;Desert Palacer;;;;;;;;;;;x
c_eastern_hills;Eastern Hills;Eastern Hills;Eastern Hills;;Eastern Hills;;;;;;;;;x
c_eastern_hills_adj;Eastern Hillsian;;Eastern Hillser;;;;;;;;;;;x
c_eastern_palace;Eastern Palace;Eastern Palace;Eastern Palace;;Eastern Palace;;;;;;;;;x
c_eastern_palace_adj;Eastern Palacean;;Eastern Palacer;;;;;;;;;;;x
c_eastern_pass;Eastern Pass;Eastern Pass;Eastern Pass;;Eastern Pass;;;;;;;;;x
c_eastern_pass_adj;Eastern Passian;;Eastern Passer;;;;;;;;;;;x
c_eastern_plains;Eastern Plains;Eastern Plains;Eastern Plains;;Eastern Plains;;;;;;;;;x
c_eastern_plains_adj;Eastern Plainsian;;Eastern Plainser;;;;;;;;;;;x
c_eastern_tower;Eastern Tower;Eastern Tower;Eastern Tower;;Eastern Tower;;;;;;;;;x
c_eastern_tower_adj;Eastern Towerian;;Eastern Towerer;;;;;;;;;;;x
c_gale_isle;Gale Isle;Gale Isle;Gale Isle;;Gale Isle;;;;;;;;;x
c_gale_isle_adj;Gale Islean;;Gale Isler;;;;;;;;;;;x
c_gohma_mire;Gohma Mire;Gohma Mire;Gohma Mire;;Gohma Mire;;;;;;;;;x
c_gohma_mire_adj;Gohma Mirean;;Gohma Mirer;;;;;;;;;;;x
c_gohmanest;Gohmanest;Gohmanest;Gohmanest;;Gohmanest;;;;;;;;;x
c_gohmanest_adj;Gohmanestian;;gohmanester;;;;;;;;;;;x
c_goriya_keep;Goriya Keep;Goriya Keep;Goriya Keep;;Goriya Keep;;;;;;;;;x
c_goriya_keep_adj;Goriya Keepian;;Goriya Keeper;;;;;;;;;;;x
c_great_swamp;Great Swamp;Great Swamp;Great Swamp;;Great Swamp;;;;;;;;;x
c_great_swamp_adj;Great Swampian;;Great Swamper;;;;;;;;;;;x
c_guild_road;Guild Road;Guild Road;Guild Road;;Guild Road;;;;;;;;;x
c_guild_road_adj;Guild Roadian;;Guild Roader;;;;;;;;;;;x
c_haunted_grove;Haunted Grove;Haunted Grove;Haunted Grove;;Haunted Grove;;;;;;;;;x
c_haunted_grove_adj;Haunted Grovean;;Haunted Grover;;;;;;;;;;;x
c_hera;Hera;Hera;Hera;;Hera;;;;;;;;;x
c_hera_adj;Heran;;herer;;;;;;;;;;;x
c_hera_ore_mines;Hera Ore Mines;Hera Ore Mines;Hera Ore Mines;;Hera Ore Mines;;;;;;;;;x
c_hera_ore_mines_adj;Hera Ore Minesian;;Hera Ore Mineser;;;;;;;;;;;x
c_hylia_bay;Hylia Bay;Hylia Bay;Hylia Bay;;Hylia Bay;;;;;;;;;x
c_hylia_bay_adj;Hylia Baian;;Hylia Baer;;;;;;;;;;;x
c_hylia_bog;Hylia Bog;Hylia Bog;Hylia Bog;;Hylia Bog;;;;;;;;;x
c_hylia_bog_adj;Hylia Bogian;;Hylia Boger;;;;;;;;;;;x
c_hyrule_swamp;Hyrule Swamp;Hyrule Swamp;Hyrule Swamp;;Hyrule Swamp;;;;;;;;;x
c_hyrule_swamp_adj;Hyrule Swampian;;Hyrule Swamper;;;;;;;;;;;x
c_ice_cave;Ice Cave;Ice Cave;Ice Cave;;Ice Cave;;;;;;;;;x
c_ice_cave_adj;Ice Cavean;;Ice Caver;;;;;;;;;;;x
c_isle_of_happiness;Isle of Happiness;Isle of Happiness;Isle of Happiness;;Isle of Happiness;;;;;;;;;x
c_isle_of_happiness_adj;Isle of Happinessian;;Isle of Happinesser;;;;;;;;;;;x
c_little_kakariko;Little Kakariko;Little Kakariko;Little Kakariko;;Little Kakariko;;;;;;;;;x
c_little_kakariko_adj;Little Kakarikian;;Little Kakariker;;;;;;;;;;;x
c_lynel_labyrinth;Lynel Labyrinth;Lynel Labyrinth;Lynel Labyrinth;;Lynel Labyrinth;;;;;;;;;x
c_lynel_labyrinth_adj;Lynel Labyrinthian;;Lynel Labyrinther;;;;;;;;;;;x
c_miner_pass;Miner Pass;Miner Pass;Miner Pass;;Miner Pass;;;;;;;;;x
c_miner_pass_adj;Miner Passian;;Miner Passer;;;;;;;;;;;x
c_misery_mire;Misery Mire;Misery Mire;Misery Mire;;Misery Mire;;;;;;;;;x
c_misery_mire_adj;Misery Mirean;;Misery Mirer;;;;;;;;;;;x
c_morango;Morango;Morango;Morango;;Morango;;;;;;;;;x
c_morango_adj;Morangian;;moranger;;;;;;;;;;;x
c_mountain_paths;Mountain Paths;Mountain Paths;Mountain Paths;;Mountain Paths;;;;;;;;;x
c_mountain_paths_adj;Mountain Pathsian;;Mountain Pathser;;;;;;;;;;;x
c_mountain_plateau;Mountain Plateau;Mountain Plateau;Mountain Plateau;;Mountain Plateau;;;;;;;;;x
c_mountain_plateau_adj;Mountain Platian;;Mountain Plater;;;;;;;;;;;x
c_mudora;Mudora;Mudora;Mudora;;Mudora;;;;;;;;;x
c_mudora_adj;Mudoran;;mudorer;;;;;;;;;;;x
c_northern_fields;Northern Fields;Northern Fields;Northern Fields;;Northern Fields;;;;;;;;;x
c_northern_fields_adj;Northern Fieldsian;;Northern Fieldser;;;;;;;;;;;x
c_oasis_pass;Oasis Pass;Oasis Pass;Oasis Pass;;Oasis Pass;;;;;;;;;x
c_oasis_pass_adj;Oasis Passian;;Oasis Passer;;;;;;;;;;;x
c_pinnacle_pier;Pinnacle Pier;Pinnacle Pier;Pinnacle Pier;;Pinnacle Pier;;;;;;;;;x
c_pinnacle_pier_adj;Pinnacle Pierian;;Pinnacle Pierer;;;;;;;;;;;x
c_portville;Portville;Portville;Portville;;Portville;;;;;;;;;x
c_portville_adj;Portvillean;;portviller;;;;;;;;;;;x
c_reed_hills;Reed Hills;Reed Hills;Reed Hills;;Reed Hills;;;;;;;;;x
c_reed_hills_adj;Reed Hillsian;;Reed Hillser;;;;;;;;;;;x
c_river_temple;River Temple;River Temple;River Temple;;River Temple;;;;;;;;;x
c_river_temple_adj;River Templean;;River Templer;;;;;;;;;;;x
c_saltmarsh;Saltmarsh;Saltmarsh;Saltmarsh;;Saltmarsh;;;;;;;;;x
c_saltmarsh_adj;Saltmarshian;;saltmarsher;;;;;;;;;;;x
c_sanctuary;Sanctuary;Sanctuary;Sanctuary;;Sanctuary;;;;;;;;;x
c_sanctuary_adj;Sanctuarian;;sanctuarer;;;;;;;;;;;x
c_sandy_marshes;Sandy Marshes;Sandy Marshes;Sandy Marshes;;Sandy Marshes;;;;;;;;;x
c_sandy_marshes_adj;Sandy Marshesian;;Sandy Marsheser;;;;;;;;;;;x
c_sinking_swamp;Sinking Swamp;Sinking Swamp;Sinking Swamp;;Sinking Swamp;;;;;;;;;x
c_sinking_swamp_adj;Sinking Swampian;;Sinking Swamper;;;;;;;;;;;x
c_soldier_fields;Soldier Fields;Soldier Fields;Soldier Fields;;Soldier Fields;;;;;;;;;x
c_soldier_fields_adj;Soldier Fieldsian;;Soldier Fieldser;;;;;;;;;;;x
c_southern_death_mountain;Southern Death Mountain;Southern Death Mountain;Southern Death Mountain;;Southern Death Mountain;;;;;;;;;x
c_southern_death_mountain_adj;Southern Death Mountainian;;Southern Death Mountainer;;;;;;;;;;;x
c_swamp_canyon;Swamp Canyon;Swamp Canyon;Swamp Canyon;;Swamp Canyon;;;;;;;;;x
c_swamp_canyon_adj;Swamp Canyonian;;Swamp Canyoner;;;;;;;;;;;x
c_swamp_palace;Swamp Palace;Swamp Palace;Swamp Palace;;Swamp Palace;;;;;;;;;x
c_swamp_palace_adj;Swamp Palacean;;Swamp Palacer;;;;;;;;;;;x
c_temple_of_darkness;Temple of Darkness;Temple of Darkness;Temple of Darkness;;Temple of Darkness;;;;;;;;;x
c_temple_of_darkness_adj;Temple of Darknessian;;Temple of Darknesser;;;;;;;;;;;x
c_toppo_bogs;Toppo Bogs;Toppo Bogs;Toppo Bogs;;Toppo Bogs;;;;;;;;;x
c_toppo_bogs_adj;Toppo Bogsian;;Toppo Bogser;;;;;;;;;;;x
c_tower_of_flames;Tower of Flames;Tower of Flames;Tower of Flames;;Tower of Flames;;;;;;;;;x
c_tower_of_flames_adj;Tower of Flamesian;;Tower of Flameser;;;;;;;;;;;x
c_turongo;Turongo;Turongo;Turongo;;Turongo;;;;;;;;;x
c_turongo_adj;Turongian;;turonger;;;;;;;;;;;x
c_turongo_wetlands;Turongo Wetlands;Turongo Wetlands;Turongo Wetlands;;Turongo Wetlands;;;;;;;;;x
c_turongo_wetlands_adj;Turongo Wetlandsian;;Turongo Wetlandser;;;;;;;;;;;x
c_village_of_the_blue_maiden;Village of the Blue Maiden;Village of the Blue Maiden;Village of the Blue Maiden;;Village of the Blue Maiden;;;;;;;;;x
c_village_of_the_blue_maiden_adj;Village of the Blue Maidenian;;Village of the Blue Maidener;;;;;;;;;;;x
c_waterfall_domain;Waterfall Domain;Waterfall Domain;Waterfall Domain;;Waterfall Domain;;;;;;;;;x
c_waterfall_domain_adj;Waterfall Domainian;;Waterfall Domainer;;;;;;;;;;;x
c_zora_caverns;Zora Caverns;Zora Caverns;Zora Caverns;;Zora Caverns;;;;;;;;;x
c_zora_caverns_adj;Zora Cavernsian;;Zora Cavernser;;;;;;;;;;;x
c_zora_mouth;Zora Mouth;Zora Mouth;Zora Mouth;;Zora Mouth;;;;;;;;;x
c_zora_mouth_adj;Zora Mouthian;;Zora Mouther;;;;;;;;;;;x
c_zora_valley;Zora Valley;Zora Valley;Zora Valley;;Zora Valley;;;;;;;;;x
c_zora_valley_adj;Zora Valleian;;Zora Valleer;;;;;;;;;;;x
c_baba_forest;Baba Forest;Baba Forest;Baba Forest;;Baba Forest;;;;;;;;;x
c_baba_forest_adj;Baba Forestian;;Baba Forester;;;;;;;;;;;x
c_baga_woods;Baga Woods;Baga Woods;Baga Woods;;Baga Woods;;;;;;;;;x
c_baga_woods_adj;Baga Woodsian;;Baga Woodser;;;;;;;;;;;x
c_boko_woods;Boko Woods;Boko Woods;Boko Woods;;Boko Woods;;;;;;;;;x
c_boko_woods_adj;Boko Woodsian;;Boko Woodser;;;;;;;;;;;x
c_bokoblin_woods;Bokoblin Woods;Bokoblin Woods;Bokoblin Woods;;Bokoblin Woods;;;;;;;;;x
c_bokoblin_woods_adj;Bokoblin Woodsian;;Bokoblin Woodser;;;;;;;;;;;x
c_bulblin_woods;Bulblin Woods;Bulblin Woods;Bulblin Woods;;Bulblin Woods;;;;;;;;;x
c_bulblin_woods_adj;Bulblin Woodsian;;Bulblin Woodser;;;;;;;;;;;x
c_business_lodges;Business Lodges;Business Lodges;Business Lodges;;Business Lodges;;;;;;;;;x
c_business_lodges_adj;Business Lodgesian;;Business Lodgeser;;;;;;;;;;;x
c_creeping_woods;Creeping Woods;Creeping Woods;Creeping Woods;;Creeping Woods;;;;;;;;;x
c_creeping_woods_adj;Creeping Woodsian;;Creeping Woodser;;;;;;;;;;;x
c_cucco_woods;Cucco Woods;Cucco Woods;Cucco Woods;;Cucco Woods;;;;;;;;;x
c_cucco_woods_adj;Cucco Woodsian;;Cucco Woodser;;;;;;;;;;;x
c_dark_woods;Dark Woods;Dark Woods;Dark Woods;;Dark Woods;;;;;;;;;x
c_dark_woods_adj;Dark Woodsian;;Dark Woodser;;;;;;;;;;;x
c_deku_flower_woods;Deku Flower Woods;Deku Flower Woods;Deku Flower Woods;;Deku Flower Woods;;;;;;;;;x
c_deku_flower_woods_adj;Deku Flower Woodsian;;Deku Flower Woodser;;;;;;;;;;;x
c_deku_forest;Deku Forest;Deku Forest;Deku Forest;;Deku Forest;;;;;;;;;x
c_deku_forest_adj;Deku Forestian;;Deku Forester;;;;;;;;;;;x
c_deku_marshes;Deku Marshes;Deku Marshes;Deku Marshes;;Deku Marshes;;;;;;;;;x
c_deku_marshes_adj;Deku Marshesian;;Deku Marsheser;;;;;;;;;;;x
c_deku_river;Deku River;Deku River;Deku River;;Deku River;;;;;;;;;x
c_deku_river_adj;Deku Riverian;;Deku Riverer;;;;;;;;;;;x
c_deku_road;Deku Road;Deku Road;Deku Road;;Deku Road;;;;;;;;;x
c_deku_road_adj;Deku Roadian;;Deku Roader;;;;;;;;;;;x
c_dekublin_woods;Dekublin Woods;Dekublin Woods;Dekublin Woods;;Dekublin Woods;;;;;;;;;x
c_dekublin_woods_adj;Dekublin Woodsian;;Dekublin Woodser;;;;;;;;;;;x
c_dekugates;Dekugates;Dekugates;Dekugates;;Dekugates;;;;;;;;;x
c_dekugates_adj;Dekugatesian;;dekugateser;;;;;;;;;;;x
c_dekuvia;Dekuvia;Dekuvia;Dekuvia;;Dekuvia;;;;;;;;;x
c_dekuvia_adj;Dekuvian;;dekuver;;;;;;;;;;;x
c_diababa_woods;Diababa Woods;Diababa Woods;Diababa Woods;;Diababa Woods;;;;;;;;;x
c_diababa_woods_adj;Diababa Woodsian;;Diababa Woodser;;;;;;;;;;;x
c_dry_woods;Dry Woods;Dry Woods;Dry Woods;;Dry Woods;;;;;;;;;x
c_dry_woods_adj;Dry Woodsian;;Dry Woodser;;;;;;;;;;;x
c_dusty_bogs;Dusty Bogs;Dusty Bogs;Dusty Bogs;;Dusty Bogs;;;;;;;;;x
c_dusty_bogs_adj;Dusty Bogsian;;Dusty Bogser;;;;;;;;;;;x
c_east_baga_forest;East Baga Forest;East Baga Forest;East Baga Forest;;East Baga Forest;;;;;;;;;x
c_east_baga_forest_adj;East Baga Forestian;;East Baga Forester;;;;;;;;;;;x
c_east_blin_forest;East Blin Forest;East Blin Forest;East Blin Forest;;East Blin Forest;;;;;;;;;x
c_east_blin_forest_adj;East Blin Forestian;;East Blin Forester;;;;;;;;;;;x
c_east_hylia_woods;East Hylia Woods;East Hylia Woods;East Hylia Woods;;East Hylia Woods;;;;;;;;;x
c_east_hylia_woods_adj;East Hylia Woodsian;;East Hylia Woodser;;;;;;;;;;;x
c_east_kokiri_forest;East Kokiri Forest;East Kokiri Forest;East Kokiri Forest;;East Kokiri Forest;;;;;;;;;x
c_east_kokiri_forest_adj;East Kokiri Forestian;;East Kokiri Forester;;;;;;;;;;;x
c_east_skull_woods;East Skull Woods;East Skull Woods;East Skull Woods;;East Skull Woods;;;;;;;;;x
c_east_skull_woods_adj;East Skull Woodsian;;East Skull Woodser;;;;;;;;;;;x
c_fairy_forest;Fairy Forest;Fairy Forest;Fairy Forest;;Fairy Forest;;;;;;;;;x
c_fairy_forest_adj;Fairy Forestian;;Fairy Forester;;;;;;;;;;;x
c_fire_woods;Fire Woods;Fire Woods;Fire Woods;;Fire Woods;;;;;;;;;x
c_fire_woods_adj;Fire Woodsian;;Fire Woodser;;;;;;;;;;;x
c_forest_gate;Forest Gate;Forest Gate;Forest Gate;;Forest Gate;;;;;;;;;x
c_forest_gate_adj;Forest Gatean;;Forest Gater;;;;;;;;;;;x
c_forest_road;Forest Road;Forest Road;Forest Road;;Forest Road;;;;;;;;;x
c_forest_road_adj;Forest Roadian;;Forest Roader;;;;;;;;;;;x
c_forest_shrine;Forest Shrine;Forest Shrine;Forest Shrine;;Forest Shrine;;;;;;;;;x
c_forest_shrine_adj;Forest Shrinean;;Forest Shriner;;;;;;;;;;;x
c_forest_stage;Forest Stage;Forest Stage;Forest Stage;;Forest Stage;;;;;;;;;x
c_forest_stage_adj;Forest Stagean;;Forest Stager;;;;;;;;;;;x
c_forest_temple;Forest Temple;Forest Temple;Forest Temple;;Forest Temple;;;;;;;;;x
c_forest_temple_adj;Forest Templean;;Forest Templer;;;;;;;;;;;x
c_forest_tradeposts;Forest Tradeposts;Forest Tradeposts;Forest Tradeposts;;Forest Tradeposts;;;;;;;;;x
c_forest_tradeposts_adj;Forest Tradepostsian;;Forest Tradepostser;;;;;;;;;;;x
c_fountain_woods;Fountain Woods;Fountain Woods;Fountain Woods;;Fountain Woods;;;;;;;;;x
c_fountain_woods_adj;Fountain Woodsian;;Fountain Woodser;;;;;;;;;;;x
c_girrin_groves;Girrin Groves;Girrin Groves;Girrin Groves;;Girrin Groves;;;;;;;;;x
c_girrin_groves_adj;Girrin Grovesian;;Girrin Groveser;;;;;;;;;;;x
c_gohma_forest;Gohma Forest;Gohma Forest;Gohma Forest;;Gohma Forest;;;;;;;;;x
c_gohma_forest_adj;Gohma Forestian;;Gohma Forester;;;;;;;;;;;x
c_gohma_hollows;Gohma Hollows;Gohma Hollows;Gohma Hollows;;Gohma Hollows;;;;;;;;;x
c_gohma_hollows_adj;Gohma Hollowsian;;Gohma Hollowser;;;;;;;;;;;x
c_gohma_woods;Gohma Woods;Gohma Woods;Gohma Woods;;Gohma Woods;;;;;;;;;x
c_gohma_woods_adj;Gohma Woodsian;;Gohma Woodser;;;;;;;;;;;x
c_great_baga_forest;Great Baga Forest;Great Baga Forest;Great Baga Forest;;Great Baga Forest;;;;;;;;;x
c_great_baga_forest_adj;Great Baga Forestian;;Great Baga Forester;;;;;;;;;;;x
c_great_baga_tree_grove;Great Baga Tree Grove;Great Baga Tree Grove;Great Baga Tree Grove;;Great Baga Tree Grove;;;;;;;;;x
c_great_baga_tree_grove_adj;Great Baga Tree Grovean;;Great Baga Tree Grover;;;;;;;;;;;x
c_great_deku_grove;Great Deku Grove;Great Deku Grove;Great Deku Grove;;Great Deku Grove;;;;;;;;;x
c_great_deku_grove_adj;Great Deku Grovean;;Great Deku Grover;;;;;;;;;;;x
c_haunted_narrows;Haunted Narrows;Haunted Narrows;Haunted Narrows;;Haunted Narrows;;;;;;;;;x
c_haunted_narrows_adj;Haunted Narrowsian;;Haunted Narrowser;;;;;;;;;;;x
c_haunted_woods;Haunted Woods;Haunted Woods;Haunted Woods;;Haunted Woods;;;;;;;;;x
c_haunted_woods_adj;Haunted Woodsian;;Haunted Woodser;;;;;;;;;;;x
c_holodrum_forest;Holodrum Forest;Holodrum Forest;Holodrum Forest;;Holodrum Forest;;;;;;;;;x
c_holodrum_forest_adj;Holodrum Forestian;;Holodrum Forester;;;;;;;;;;;x
c_howling_woods;Howling Woods;Howling Woods;Howling Woods;;Howling Woods;;;;;;;;;x
c_howling_woods_adj;Howling Woodsian;;Howling Woodser;;;;;;;;;;;x
c_hylia_swamp;Hylia Swamp;Hylia Swamp;Hylia Swamp;;Hylia Swamp;;;;;;;;;x
c_hylia_swamp_adj;Hylia Swampian;;Hylia Swamper;;;;;;;;;;;x
c_kokiri;Kokiri;Kokiri;Kokiri;;Kokiri;;;;;;;;;x
c_kokiri_adj;Kokirian;;kokirer;;;;;;;;;;;x
c_kokiri_lost_woods;Kokiri Lost Woods;Kokiri Lost Woods;Kokiri Lost Woods;;Kokiri Lost Woods;;;;;;;;;x
c_kokiri_lost_woods_adj;Kokiri Lost Woodsian;;Kokiri Lost Woodser;;;;;;;;;;;x
c_korok_woods;Korok Woods;Korok Woods;Korok Woods;;Korok Woods;;;;;;;;;x
c_korok_woods_adj;Korok Woodsian;;Korok Woodser;;;;;;;;;;;x
c_labyrinth_temple;Labyrinth Temple;Labyrinth Temple;Labyrinth Temple;;Labyrinth Temple;;;;;;;;;x
c_labyrinth_temple_adj;Labyrinth Templean;;Labyrinth Templer;;;;;;;;;;;x
c_lost_woods;Lost Woods;Lost Woods;Lost Woods;;Lost Woods;;;;;;;;;x
c_lost_woods_adj;Lost Woodsian;;Lost Woodser;;;;;;;;;;;x
c_lumberjack_woods;Lumberjack Woods;Lumberjack Woods;Lumberjack Woods;;Lumberjack Woods;;;;;;;;;x
c_lumberjack_woods_adj;Lumberjack Woodsian;;Lumberjack Woodser;;;;;;;;;;;x
c_manhandla_forest;Manhandla Forest;Manhandla Forest;Manhandla Forest;;Manhandla Forest;;;;;;;;;x
c_manhandla_forest_adj;Manhandla Forestian;;Manhandla Forester;;;;;;;;;;;x
c_maze_woods;Maze Woods;Maze Woods;Maze Woods;;Maze Woods;;;;;;;;;x
c_maze_woods_adj;Maze Woodsian;;Maze Woodser;;;;;;;;;;;x
c_minish_groves;Minish Groves;Minish Groves;Minish Groves;;Minish Groves;;;;;;;;;x
c_minish_groves_adj;Minish Grovesian;;Minish Groveser;;;;;;;;;;;x
c_minish_woods;Minish Woods;Minish Woods;Minish Woods;;Minish Woods;;;;;;;;;x
c_minish_woods_adj;Minish Woodsian;;Minish Woodser;;;;;;;;;;;x
c_moblin_woods;Moblin Woods;Moblin Woods;Moblin Woods;;Moblin Woods;;;;;;;;;x
c_moblin_woods_adj;Moblin Woodsian;;Moblin Woodser;;;;;;;;;;;x
c_mystery_forest;Mystery Forest;Mystery Forest;Mystery Forest;;Mystery Forest;;;;;;;;;x
c_mystery_forest_adj;Mystery Forestian;;Mystery Forester;;;;;;;;;;;x
c_north_baga_forest;North Baga Forest;North Baga Forest;North Baga Forest;;North Baga Forest;;;;;;;;;x
c_north_baga_forest_adj;North Baga Forestian;;North Baga Forester;;;;;;;;;;;x
c_north_blin_forest;North Blin Forest;North Blin Forest;North Blin Forest;;North Blin Forest;;;;;;;;;x
c_north_blin_forest_adj;North Blin Forestian;;North Blin Forester;;;;;;;;;;;x
c_north_deku_forest;North Deku Forest;North Deku Forest;North Deku Forest;;North Deku Forest;;;;;;;;;x
c_north_deku_forest_adj;North Deku Forestian;;North Deku Forester;;;;;;;;;;;x
c_north_skull_woods;North Skull Woods;North Skull Woods;North Skull Woods;;North Skull Woods;;;;;;;;;x
c_north_skull_woods_adj;North Skull Woodsian;;North Skull Woodser;;;;;;;;;;;x
c_picori_forest;Picori Forest;Picori Forest;Picori Forest;;Picori Forest;;;;;;;;;x
c_picori_forest_adj;Picori Forestian;;Picori Forester;;;;;;;;;;;x
c_picori_groves;Picori Groves;Picori Groves;Picori Groves;;Picori Groves;;;;;;;;;x
c_picori_groves_adj;Picori Grovesian;;Picori Groveser;;;;;;;;;;;x
c_poe_woods;Poe Woods;Poe Woods;Poe Woods;;Poe Woods;;;;;;;;;x
c_poe_woods_adj;Poe Woodsian;;Poe Woodser;;;;;;;;;;;x
c_robberwood;Robberwood;Robberwood;Robberwood;;Robberwood;;;;;;;;;x
c_robberwood_adj;Robberwoodian;;robberwooder;;;;;;;;;;;x
c_sacred_forest_meadow;Sacred Forest Meadow;Sacred Forest Meadow;Sacred Forest Meadow;;Sacred Forest Meadow;;;;;;;;;x
c_sacred_forest_meadow_adj;Sacred Forest Meadowian;;Sacred Forest Meadower;;;;;;;;;;;x
c_sanctuary_woods;Sanctuary Woods;Sanctuary Woods;Sanctuary Woods;;Sanctuary Woods;;;;;;;;;x
c_sanctuary_woods_adj;Sanctuary Woodsian;;Sanctuary Woodser;;;;;;;;;;;x
c_sawmill_hollow;Sawmill Hollow;Sawmill Hollow;Sawmill Hollow;;Sawmill Hollow;;;;;;;;;x
c_sawmill_hollow_adj;Sawmill Hollowian;;Sawmill Hollower;;;;;;;;;;;x
c_scrub_road;Scrub Road;Scrub Road;Scrub Road;;Scrub Road;;;;;;;;;x
c_scrub_road_adj;Scrub Roadian;;Scrub Roader;;;;;;;;;;;x
c_scrub_woods;Scrub Woods;Scrub Woods;Scrub Woods;;Scrub Woods;;;;;;;;;x
c_scrub_woods_adj;Scrub Woodsian;;Scrub Woodser;;;;;;;;;;;x
c_scrubavia;Scrubavia;Scrubavia;Scrubavia;;Scrubavia;;;;;;;;;x
c_scrubavia_adj;Scrubavian;;scrubaver;;;;;;;;;;;x
c_selosia_woods;Selosia Woods;Selosia Woods;Selosia Woods;;Selosia Woods;;;;;;;;;x
c_selosia_woods_adj;Selosia Woodsian;;Selosia Woodser;;;;;;;;;;;x
c_skeleton_woods;Skeleton Woods;Skeleton Woods;Skeleton Woods;;Skeleton Woods;;;;;;;;;x
c_skeleton_woods_adj;Skeleton Woodsian;;Skeleton Woodser;;;;;;;;;;;x
c_skull_road;Skull Road;Skull Road;Skull Road;;Skull Road;;;;;;;;;x
c_skull_road_adj;Skull Roadian;;Skull Roader;;;;;;;;;;;x
c_south_baga_forest;South Baga Forest;South Baga Forest;South Baga Forest;;South Baga Forest;;;;;;;;;x
c_south_baga_forest_adj;South Baga Forestian;;South Baga Forester;;;;;;;;;;;x
c_south_blin_forest;South Blin Forest;South Blin Forest;South Blin Forest;;South Blin Forest;;;;;;;;;x
c_south_blin_forest_adj;South Blin Forestian;;South Blin Forester;;;;;;;;;;;x
c_south_deku_forest;South Deku Forest;South Deku Forest;South Deku Forest;;South Deku Forest;;;;;;;;;x
c_south_deku_forest_adj;South Deku Forestian;;South Deku Forester;;;;;;;;;;;x
c_south_kokiri_forest;South Kokiri Forest;South Kokiri Forest;South Kokiri Forest;;South Kokiri Forest;;;;;;;;;x
c_south_kokiri_forest_adj;South Kokiri Forestian;;South Kokiri Forester;;;;;;;;;;;x
c_south_skull_woods;South Skull Woods;South Skull Woods;South Skull Woods;;South Skull Woods;;;;;;;;;x
c_south_skull_woods_adj;South Skull Woodsian;;South Skull Woodser;;;;;;;;;;;x
c_southwest_deku_forest;Southwest Deku Forest;Southwest Deku Forest;Southwest Deku Forest;;Southwest Deku Forest;;;;;;;;;x
c_southwest_deku_forest_adj;Southwest Deku Forestian;;Southwest Deku Forester;;;;;;;;;;;x
c_spirit_woods;Spirit Woods;Spirit Woods;Spirit Woods;;Spirit Woods;;;;;;;;;x
c_spirit_woods_adj;Spirit Woodsian;;Spirit Woodser;;;;;;;;;;;x
c_spring_forest;Spring Forest;Spring Forest;Spring Forest;;Spring Forest;;;;;;;;;x
c_spring_forest_adj;Spring Forestian;;Spring Forester;;;;;;;;;;;x
c_sprite_woods;Sprite Woods;Sprite Woods;Sprite Woods;;Sprite Woods;;;;;;;;;x
c_sprite_woods_adj;Sprite Woodsian;;Sprite Woodser;;;;;;;;;;;x
c_stal_woods;Stal Woods;Stal Woods;Stal Woods;;Stal Woods;;;;;;;;;x
c_stal_woods_adj;Stal Woodsian;;Stal Woodser;;;;;;;;;;;x
c_stalgroves;Stalgroves;Stalgroves;Stalgroves;;Stalgroves;;;;;;;;;x
c_stalgroves_adj;Stalgrovesian;;stalgroveser;;;;;;;;;;;x
c_stalkades;Stalkades;Stalkades;Stalkades;;Stalkades;;;;;;;;;x
c_stalkades_adj;Stalkadesian;;stalkadeser;;;;;;;;;;;x
c_stalkid_woods;Stalkid Woods;Stalkid Woods;Stalkid Woods;;Stalkid Woods;;;;;;;;;x
c_stalkid_woods_adj;Stalkid Woodsian;;Stalkid Woodser;;;;;;;;;;;x
c_swamp_temple;Swamp Temple;Swamp Temple;Swamp Temple;;Swamp Temple;;;;;;;;;x
c_swamp_temple_adj;Swamp Templean;;Swamp Templer;;;;;;;;;;;x
c_sword_woods;Sword Woods;Sword Woods;Sword Woods;;Sword Woods;;;;;;;;;x
c_sword_woods_adj;Sword Woodsian;;Sword Woodser;;;;;;;;;;;x
c_thief_forts;Thief Forts;Thief Forts;Thief Forts;;Thief Forts;;;;;;;;;x
c_thief_forts_adj;Thief Fortsian;;Thief Fortser;;;;;;;;;;;x
c_thief_woods;Thief Woods;Thief Woods;Thief Woods;;Thief Woods;;;;;;;;;x
c_thief_woods_adj;Thief Woodsian;;Thief Woodser;;;;;;;;;;;x
c_trader_woods;Trader Woods;Trader Woods;Trader Woods;;Trader Woods;;;;;;;;;x
c_trader_woods_adj;Trader Woodsian;;Trader Woodser;;;;;;;;;;;x
c_web_woods;Web Woods;Web Woods;Web Woods;;Web Woods;;;;;;;;;x
c_web_woods_adj;Web Woodsian;;Web Woodser;;;;;;;;;;;x
c_west_baga_forest;West Baga Forest;West Baga Forest;West Baga Forest;;West Baga Forest;;;;;;;;;x
c_west_baga_forest_adj;West Baga Forestian;;West Baga Forester;;;;;;;;;;;x
c_west_blin_forest;West Blin Forest;West Blin Forest;West Blin Forest;;West Blin Forest;;;;;;;;;x
c_west_blin_forest_adj;West Blin Forestian;;West Blin Forester;;;;;;;;;;;x
c_west_deku_forest;West Deku  Forest;West Deku  Forest;West Deku  Forest;;West Deku  Forest;;;;;;;;;x
c_west_deku_forest_adj;West Deku  Forestian;;West Deku  Forester;;;;;;;;;;;x
c_west_hylia_woods;West Hylia Woods;West Hylia Woods;West Hylia Woods;;West Hylia Woods;;;;;;;;;x
c_west_hylia_woods_adj;West Hylia Woodsian;;West Hylia Woodser;;;;;;;;;;;x
c_west_kokiri_forest;West Kokiri Forest;West Kokiri Forest;West Kokiri Forest;;West Kokiri Forest;;;;;;;;;x
c_west_kokiri_forest_adj;West Kokiri Forestian;;West Kokiri Forester;;;;;;;;;;;x
c_west_skull_woods;West Skull Woods;West Skull Woods;West Skull Woods;;West Skull Woods;;;;;;;;;x
c_west_skull_woods_adj;West Skull Woodsian;;West Skull Woodser;;;;;;;;;;;x
c_whisp_woods;Whisp Woods;Whisp Woods;Whisp Woods;;Whisp Woods;;;;;;;;;x
c_whisp_woods_adj;Whisp Woodsian;;Whisp Woodser;;;;;;;;;;;x
c_withering_woods;Withering Woods;Withering Woods;Withering Woods;;Withering Woods;;;;;;;;;x
c_withering_woods_adj;Withering Woodsian;;Withering Woodser;;;;;;;;;;;x
c_wolfos_woods;Wolfos Woods;Wolfos Woods;Wolfos Woods;;Wolfos Woods;;;;;;;;;x
c_wolfos_woods_adj;Wolfos Woodsian;;Wolfos Woodser;;;;;;;;;;;x
c_woodfalls;Woodfalls;Woodfalls;Woodfalls;;Woodfalls;;;;;;;;;x
c_woodfalls_adj;Woodfallsian;;woodfallser;;;;;;;;;;;x
c_woodsman_hills;Woodsman Hills;Woodsman Hills;Woodsman Hills;;Woodsman Hills;;;;;;;;;x
c_woodsman_hills_adj;Woodsman Hillsian;;Woodsman Hillser;;;;;;;;;;;x
